Team_Code,Team_Name,Player_Name,Player_No,Age,Height,Weight,Shot,,HomeTown_City,HomeTown_ST_COUNTRY, BirthDate
ana,anaheim-ducks,Leo Carlsson,91,19,6' 3",194 lbs,,Karlstad,Sweden,12/26/04,
ana,anaheim-ducks,Sam Carrick,39,32,6' 0",200 lbs,R,Markham,CAN,02/04/92,
ana,anaheim-ducks,Bo Groulx,24,24,6' 2",198 lbs,L,Gatineau,CAN,02/06/00,
ana,anaheim-ducks,Adam Henrique,14,34,6' 0",195 lbs,L,Brantford,CAN,02/06/90,
ana,anaheim-ducks,Isac Lundestrom,21,24,6' 0",193 lbs,L,Gallivare,Sweden,11/06/99,
ana,anaheim-ducks,Mason McTavish,23,21,6' 0",213 lbs,L,Carp,CAN,01/30/03,
ana,anaheim-ducks,Ryan Strome,16,31,6' 1",191 lbs,R,Mississauga,CAN,01/11/93,
ana,anaheim-ducks,Trevor Zegras,11,22,6' 0",185 lbs,L,Bedford,NY,03/20/01,
ana,anaheim-ducks,Cutter Gauthier,20,6' 2",200 lbs,L,Skelleftea,Sweden,01/19/04,
ana,anaheim-ducks,Ross Johnston,44,30,6' 5",234 lbs,L,Charlottetown,CAN,02/18/94,
ana,anaheim-ducks,Max Jones,49,26,6' 3",216 lbs,L,Rochester,MI,02/17/98,
ana,anaheim-ducks,Alex Killorn,17,34,6' 1",194 lbs,L,Halifax,CAN,09/14/89,
ana,anaheim-ducks,Brock McGinn,26,30,6' 0",187 lbs,L,Fergus,CAN,02/02/94,
ana,anaheim-ducks,Brett Leason,20,24,6' 5",218 lbs,R,Calgary,CAN,04/30/99,
ana,anaheim-ducks,Jakob Silfverberg,33,33,6' 1",207 lbs,R,Gavle,Sweden,10/13/90,
ana,anaheim-ducks,Troy Terry,19,26,6' 0",185 lbs,R,Denver,CO,09/10/97,
ana,anaheim-ducks,Frank Vatrano,77,29,5' 11",197 lbs,L,Springfield,MA,03/14/94,
ana,anaheim-ducks,Cam Fowler,4,32,6' 2",215 lbs,L,Windsor,CAN,12/05/91,
ana,anaheim-ducks,Radko Gudas,7,33,6' 0",208 lbs,R,Prague,Czechoslovakia,06/05/90,
ana,anaheim-ducks,Robert Hagg,18,29,6' 2",210 lbs,L,Uppsala,Sweden,02/08/95,
ana,anaheim-ducks,Jackson LaCombe,60,23,6' 2",205 lbs,,Eden Prairie,MN,01/09/01,
ana,anaheim-ducks,Gustav Lindstrom,28,25,6' 2",186 lbs,R,Ostervala,Sweden,10/20/98,
ana,anaheim-ducks,Tristan Luneau,67,20,6' 1",195 lbs,R,TroisRivieres,CAN,01/12/04,
ana,anaheim-ducks,Ilya Lyubushkin,46,29,6' 2",201 lbs,R,Moscow,Russia,04/06/94,
ana,anaheim-ducks,Pavel Mintyukov,34,20,6' 1",195 lbs,L,Moscow,Russia,11/25/03,
ana,anaheim-ducks,Urho Vaakanainen,5,25,6' 2",200 lbs,L,Joensuu,Finland,01/01/99,
ana,anaheim-ducks,Lukas Dostal,1,23,6' 2",188 lbs,L,Brno,Czechia,06/22/00,
ana,anaheim-ducks,John Gibson,36,30,6' 2",210 lbs,L,Pittsburgh,PA,07/14/93,
ari,arizona-coyotes,Nick Bjugstad,17,31,6' 6",209 lbs,R,Blaine,MN,07/17/92,
ari,arizona-coyotes,Travis Boyd,72,30,6' 0",190 lbs,R,Edina,MN,09/14/93,
ari,arizona-coyotes,Logan Cooley,92,19,5' 10",174 lbs,L,Pittsburgh,PA,05/04/04,
ari,arizona-coyotes,Barrett Hayton,29,23,6' 1",207 lbs,L,Peterborough,CAN,06/09/00,
ari,arizona-coyotes,Alex Kerfoot,15,29,5' 11",186 lbs,L,Vancouver,CAN,08/11/94,
ari,arizona-coyotes,Justin Kirkland,25,27,6' 3",183 lbs,L,Winnipeg,CAN,08/02/96,
ari,arizona-coyotes,Jack McBain,22,24,6' 3",201 lbs,L,Toronto,CAN,01/06/00,
ari,arizona-coyotes,Adam Ruzicka,83,24,6' 4",215 lbs,L,Bratislava,Slovakia,05/11/99,
ari,arizona-coyotes,Nick Schmaltz,8,28,6' 0",181 lbs,R,Madison,WI,02/23/96,
ari,arizona-coyotes,Michael Carcone,53,27,5' 9",170 lbs,L,Ajax,CAN,05/19/96,
ari,arizona-coyotes,Lawson Crouse,67,26,6' 4",215 lbs,L,Mt. Brydges,CAN,06/23/97,
ari,arizona-coyotes,Milos Kelemen,21,24,6' 2",212 lbs,L,Lucenec,Slovakia,07/06/99,
ari,arizona-coyotes,Matias Maccelli,63,23,5' 11",176 lbs,L,Turku,Finland,10/14/00,
ari,arizona-coyotes,Jason Zucker,16,32,5' 11",192 lbs,L,Newport Beach,CA,01/16/92,
ari,arizona-coyotes,Dylan Guenther,11,20,6' 2",175 lbs,,Edmonton,CAN,04/10/03,
ari,arizona-coyotes,Clayton Keller,9,25,5' 10",178 lbs,L,Chesterfield,MO,07/29/98,
ari,arizona-coyotes,Josh Brown,3,30,6' 5",220 lbs,R,London,CAN,01/21/94,
ari,arizona-coyotes,Travis Dermott,33,27,6' 0",202 lbs,L,Newmarket,CAN,12/22/96,
ari,arizona-coyotes,Matt Dumba,24,29,6' 0",181 lbs,R,Calgary,CAN,07/25/94,
ari,arizona-coyotes,Sean Durzi,50,25,6' 0",195 lbs,R,Mississauga,CAN,10/21/98,
ari,arizona-coyotes,Michael Kesselring,5,24,6' 4",190 lbs,,New Hampton,NH,01/13/00,
ari,arizona-coyotes,Patrik Koch,64,27,6' 1",185 lbs,L,Malacky,Slovakia,12/08/96,
ari,arizona-coyotes,Vladislav Kolyachonok,52,22,6' 1",189 lbs,L,Minsk,Belarus,05/26/01,
ari,arizona-coyotes,J.J. Moser,90,24,6' 1",173 lbs,L,Biel,Switzerland,01/06/00,
ari,arizona-coyotes,Victor Soderstrom,77,23,6' 0",183 lbs,R,Gavle,Sweden,02/26/01,
ari,arizona-coyotes,Troy Stecher,51,29,5' 10",184 lbs,R,Richmond,CAN,04/07/94,
ari,arizona-coyotes,Juuso Valimaki,4,25,6' 2",205 lbs,L,Tampere,Finland,10/06/98,
ari,arizona-coyotes,Connor Ingram,39,26,6' 2",196 lbs,L,Saskatoon,CAN,03/31/97,
ari,arizona-coyotes,Karel Vejmelka,70,27,6' 4",224 lbs,L,Trebic,Czechia,05/25/96,
bos,boston-bruins,Johnny Beecher,19,22,6' 3",209 lbs,L,Elmira,NY,04/05/01,
bos,boston-bruins,Jesper Boqvist,70,25,6' 1",184 lbs,L,Falun,Sweden,10/30/98,
bos,boston-bruins,Patrick Brown,38,31,6' 1",218 lbs,R,Bloomfield Hills,MI,05/29/92,
bos,boston-bruins,Charlie Coyle,13,31,6' 3",218 lbs,R,Weymouth,MA,03/02/92,
bos,boston-bruins,Trent Frederic,11,26,6' 3",220 lbs,L,Saint Louis,MO,02/11/98,
bos,boston-bruins,Morgan Geekie,39,25,6' 3",202 lbs,R,Strathclair,CAN,07/20/98,
bos,boston-bruins,Jakub Lauko,94,23,6' 1",193 lbs,L,Prague,Czechia,03/28/00,
bos,boston-bruins,Georgii Merkulov,42,23,5' 11",179 lbs,,Ryazan,Russia,10/10/00,
bos,boston-bruins,Matthew Poitras,51,19,5' 11",180 lbs,R,Brooklin,CAN,03/10/04,
bos,boston-bruins,Anthony Richard,90,27,5' 10",163 lbs,L,TroisRivieres,CAN,12/20/96,
bos,boston-bruins,Pavel Zacha,18,26,6' 4",207 lbs,L,Brno,Czechia,04/06/97,
bos,boston-bruins,Jake DeBrusk,74,27,6' 1",198 lbs,L,Edmonton,CAN,10/17/96,
bos,boston-bruins,Danton Heinen,43,28,6' 2",195 lbs,L,Langley,CAN,07/05/95,
bos,boston-bruins,Milan Lucic,17,35,6' 3",236 lbs,L,Vancouver,CAN,06/07/88,
bos,boston-bruins,Brad Marchand,63,35,5' 9",176 lbs,L,Halifax,CAN,05/11/88,
bos,boston-bruins,James van Riemsdyk,21,34,6' 3",208 lbs,L,Middletown,NJ,05/04/89,
bos,boston-bruins,Justin Brazeau,55,26,6' 5",220 lbs,R,New Liskeard,CAN,02/02/98,
bos,boston-bruins,David Pastrnak,88,27,6' 0",196 lbs,L,Havirov,Czechia,05/25/96,
bos,boston-bruins,Brandon Carlo,25,27,6' 5",217 lbs,R,Colorado Springs,CO,11/26/96,
bos,boston-bruins,Derek Forbort,28,31,6' 4",216 lbs,L,Duluth,MN,03/04/92,
bos,boston-bruins,Matt Grzelcyk,48,30,5' 10",180 lbs,L,Charlestown,MA,01/05/94,
bos,boston-bruins,Hampus Lindholm,27,30,6' 4",224 lbs,L,Helsingborg,Sweden,01/20/94,
bos,boston-bruins,Mason Lohrei,6,23,6' 4",210 lbs,,Madison,WI,01/17/01,
bos,boston-bruins,Charlie McAvoy,73,26,6' 1",209 lbs,R,Long Beach,NY,12/21/97,
bos,boston-bruins,Ian Mitchell,14,25,5' 11",193 lbs,R,St. Albert,CAN,01/18/99,
bos,boston-bruins,Kevin Shattenkirk,12,35,6' 0",203 lbs,R,New Rochelle,NY,01/29/89,
bos,boston-bruins,Parker Wotherspoon,29,26,6' 1",195 lbs,L,Surrey,CAN,08/24/97,
bos,boston-bruins,Brandon Bussi,70,25,6' 5",220 lbs,,Sound Beach,NY,06/25/98,
bos,boston-bruins,Jeremy Swayman,1,25,6' 3",195 lbs,L,Anchorage,AK,11/24/98,
bos,boston-bruins,Linus Ullmark,35,30,6' 4",213 lbs,L,Lugnvik,Sweden,07/31/93,
buf,buffalo-sabres,Dylan Cozens,24,23,6' 3",195 lbs,R,Whitehorse,CAN,02/09/01,
buf,buffalo-sabres,Tyson Jost,17,25,5' 11",187 lbs,L,St. Albert,CAN,03/14/98,
buf,buffalo-sabres,Peyton Krebs,19,23,6' 0",187 lbs,L,Calgary,CAN,01/26/01,
buf,buffalo-sabres,Casey Mittelstadt,37,25,6' 1",195 lbs,L,Eden Prairie,MN,11/22/98,
buf,buffalo-sabres,Zach Benson,9,18,5' 10",170 lbs,L,Chilliwack,CAN,05/12/05,
buf,buffalo-sabres,Zemgus Girgensons,28,30,6' 2",200 lbs,L,Riga,Latvia,01/05/94,
buf,buffalo-sabres,Jordan Greenway,12,27,6' 6",231 lbs,L,Canton,NY,02/16/97,
buf,buffalo-sabres,Brett Murray,81,25,6' 5",228 lbs,,Bolton,CAN,07/20/98,
buf,buffalo-sabres,Victor Olofsson,71,28,5' 11",181 lbs,L,Ornskoldsvik,Sweden,07/18/95,
buf,buffalo-sabres,Eric Robinson,50,28,6' 2",211 lbs,L,Bellmawr,NJ,06/14/95,
buf,buffalo-sabres,Jeff Skinner,53,31,5' 11",200 lbs,L,Toronto,CAN,05/16/92,
buf,buffalo-sabres,Kyle Okposo,21,35,6' 0",216 lbs,R,Saint Paul,MN,04/16/88,
buf,buffalo-sabres,JJ Peterka,77,22,6' 0",189 lbs,L,Munich,Germany,01/14/02,
buf,buffalo-sabres,Jack Quinn,22,22,6' 1",185 lbs,R,Ottawa,CAN,09/19/01,
buf,buffalo-sabres,Tage Thompson,72,26,6' 6",220 lbs,R,Phoenix,AZ,10/30/97,
buf,buffalo-sabres,Alex Tuch,89,27,6' 4",215 lbs,R,Syracuse,NY,05/10/96,
buf,buffalo-sabres,Jacob Bryson,78,26,5' 9",174 lbs,L,London,CAN,11/18/97,
buf,buffalo-sabres,Connor Clifton,75,28,5' 11",192 lbs,R,Matawan,NJ,04/28/95,
buf,buffalo-sabres,Rasmus Dahlin,26,23,6' 3",204 lbs,L,Lidkoping,Sweden,04/13/00,
buf,buffalo-sabres,Erik Johnson,6,35,6' 4",225 lbs,R,Bloomington,MN,03/21/88,
buf,buffalo-sabres,Ryan Johnson,33,22,6' 1",195 lbs,L,Newport Beach,CA,07/24/01,
buf,buffalo-sabres,Henri Jokiharju,10,24,6' 0",200 lbs,R,Oulu,Finland,06/17/99,
buf,buffalo-sabres,Owen Power,25,21,6' 6",221 lbs,L,Mississauga,CAN,11/22/02,
buf,buffalo-sabres,Mattias Samuelsson,23,23,6' 4",224 lbs,L,Philadelphia,PA,03/14/00,
buf,buffalo-sabres,Eric Comrie,31,28,6' 1",190 lbs,L,Edmonton,CAN,07/06/95,
buf,buffalo-sabres,Devin Cooley,62,26,6' 5",192 lbs,L,Los Gatos,CA,05/25/97,
buf,buffalo-sabres,UkkoPekka Luukkonen,1,24,6' 5",217 lbs,L,Espoo,Finland,03/09/99,
car,carolina-hurricanes,Sebastian Aho,20,26,6' 0",176 lbs,L,Rauma,Finland,07/26/97,
car,carolina-hurricanes,Callahan Burke,68,26,5' 10",185 lbs,R,Boxborough,MA,03/19/97,
car,carolina-hurricanes,Jack Drury,18,24,5' 11",174 lbs,R,New York,NY,02/03/00,
car,carolina-hurricanes,Seth Jarvis,24,22,5' 10",175 lbs,R,Winnipeg,CAN,02/01/02,
car,carolina-hurricanes,Jesperi Kotkaniemi,82,23,6' 2",201 lbs,L,Forssa,Finland,07/06/00,
car,carolina-hurricanes,Martin Necas,88,25,6' 2",189 lbs,R,Nove Mesto na Morave,Czechia,01/15/99,
car,carolina-hurricanes,Jordan Staal,11,35,6' 4",220 lbs,L,Thunder Bay,CAN,09/10/88,
car,carolina-hurricanes,Michael Bunting,58,28,6' 0",192 lbs,L,Scarborough,CAN,09/17/95,
car,carolina-hurricanes,Brendan Lemieux,28,27,6' 1",215 lbs,L,Denver,CO,03/15/96,
car,carolina-hurricanes,Jordan Martinook,48,31,6' 0",196 lbs,L,Brandon,CAN,07/25/92,
car,carolina-hurricanes,Teuvo Teravainen,86,29,5' 11",191 lbs,L,Helsinki,Finland,09/11/94,
car,carolina-hurricanes,Jesper Fast,71,32,6' 1",191 lbs,R,Nassjo,Sweden,12/02/91,
car,carolina-hurricanes,Stefan Noesen,23,31,6' 1",205 lbs,R,Plano,TX,02/12/93,
car,carolina-hurricanes,Andrei Svechnikov,37,23,6' 2",195 lbs,L,Barnaul,Russia,03/26/00,
car,carolina-hurricanes,Brent Burns,8,38,6' 5",230 lbs,R,Barrie,CAN,03/09/85,
car,carolina-hurricanes,Jalen Chatfield,5,27,6' 1",188 lbs,R,Ypsilanti,MI,05/15/96,
car,carolina-hurricanes,Tony DeAngelo,77,28,5' 11",180 lbs,R,Sewell,NJ,10/24/95,
car,carolina-hurricanes,Dmitry Orlov,7,32,5' 11",214 lbs,L,Novokuznetsk,USSR,07/23/91,
car,carolina-hurricanes,Brett Pesce,22,29,6' 3",206 lbs,R,Tarrytown,NY,11/15/94,
car,carolina-hurricanes,Brady Skjei,76,29,6' 3",210 lbs,L,Lakeville,MN,03/26/94,
car,carolina-hurricanes,Jaccob Slavin,74,29,6' 3",207 lbs,L,Denver,CO,05/01/94,
car,carolina-hurricanes,Frederik Andersen,31,34,6' 4",238 lbs,L,Herning,Denmark,10/02/89,
car,carolina-hurricanes,Pyotr Kochetkov,52,24,6' 3",205 lbs,L,Penza,Russia,06/25/99,
car,carolina-hurricanes,Spencer Martin,41,28,6' 3",191 lbs,L,Oakville,CAN,06/08/95,
car,carolina-hurricanes,Antti Raanta,32,34,6' 0",195 lbs,L,Pori,Finland,05/12/89,
cbj,columbus-blue-jackets,Adam Fantilli,11,19,6' 2",195 lbs,L,Nobleton,CAN,10/12/04,
cbj,columbus-blue-jackets,Boone Jenner,38,30,6' 2",208 lbs,L,Dorchester,CAN,06/15/93,
cbj,columbus-blue-jackets,Kent Johnson,91,21,6' 0",175 lbs,L,Port Moody,CAN,10/18/02,
cbj,columbus-blue-jackets,Sean Kuraly,7,31,6' 2",215 lbs,L,Dublin,OH,01/20/93,
cbj,columbus-blue-jackets,Jack Roslovic,96,27,6' 1",198 lbs,R,Columbus,OH,01/29/97,
cbj,columbus-blue-jackets,Cole Sillinger,4,20,6' 1",199 lbs,L,Columbus,OH,05/16/03,
cbj,columbus-blue-jackets,Alexandre Texier,42,24,6' 1",201 lbs,L,SaintMartind'Heres,France,09/13/99,
cbj,columbus-blue-jackets,Johnny Gaudreau,13,30,5' 9",163 lbs,L,Salem,NJ,08/13/93,
cbj,columbus-blue-jackets,Alexander Nylander,25,6' 1",192 lbs,R,Calgary,CAN,03/02/98,
cbj,columbus-blue-jackets,Dmitri Voronkov,10,23,6' 5",240 lbs,,,09/10/00,
cbj,columbus-blue-jackets,Yegor Chinakhov,59,23,6' 1",204 lbs,L,Omsk,Russia,02/01/01,
cbj,columbus-blue-jackets,Justin Danforth,17,30,5' 8",188 lbs,R,Oshawa,CAN,03/15/93,
cbj,columbus-blue-jackets,Kirill Marchenko,86,23,6' 3",195 lbs,R,Barnaul,Russia,08/21/00,
cbj,columbus-blue-jackets,Mathieu Olivier,24,27,6' 1",222 lbs,R,Biloxi,MS,02/11/97,
cbj,columbus-blue-jackets,Jake Bean,22,25,6' 1",191 lbs,L,Calgary,CAN,06/09/98,
cbj,columbus-blue-jackets,Nick Blankenburg,77,25,5' 9",177 lbs,R,Washington,MI,05/12/98,
cbj,columbus-blue-jackets,Adam Boqvist,27,23,6' 0",189 lbs,R,Falun,Sweden,08/15/00,
cbj,columbus-blue-jackets,Erik Gudbranson,44,32,6' 5",222 lbs,R,Ottawa,CAN,01/07/92,
cbj,columbus-blue-jackets,David Jiricek,55,20,6' 3",189 lbs,R,Klatovy,Czechia,11/28/03,
cbj,columbus-blue-jackets,Denton Mateychuk,5,19,5' 10",194 lbs,L,Winnipeg,CAN,07/12/04,
cbj,columbus-blue-jackets,Andrew Peeke,2,25,6' 3",214 lbs,R,Parkland,FL,03/17/98,
cbj,columbus-blue-jackets,Ivan Provorov,9,27,6' 1",220 lbs,L,Yaroslavl,Russia,01/13/97,
cbj,columbus-blue-jackets,Damon Severson,78,29,6' 2",202 lbs,R,Melville,CAN,08/07/94,
cbj,columbus-blue-jackets,Zach Werenski,8,26,6' 2",219 lbs,L,Grosse Pointe,MI,07/19/97,
cbj,columbus-blue-jackets,Elvis Merzlikins,90,29,6' 3",184 lbs,L,Riga,Latvia,04/13/94,
cbj,columbus-blue-jackets,Daniil Tarasov,40,24,6' 5",201 lbs,L,Novosibirsk,Russia,05/27/99,
cgy,calgary-flames,Mikael Backlund,11,34,6' 0",206 lbs,L,Vasteras,Sweden,03/17/89,
cgy,calgary-flames,Blake Coleman,20,32,5' 11",199 lbs,L,Plano,TX,11/28/91,
cgy,calgary-flames,Dillon Dube,29,25,5' 11",185 lbs,L,Golden,CAN,07/20/98,
cgy,calgary-flames,Jonathan Huberdeau,10,30,6' 1",200 lbs,L,SaintJerome,CAN,06/04/93,
cgy,calgary-flames,Nazem Kadri,91,33,6' 0",185 lbs,L,London,CAN,10/06/90,
cgy,calgary-flames,Oliver Kylington,58,26,6' 0",183 lbs,L,Stockholm,Sweden,05/19/97,
cgy,calgary-flames,Jakob Pelletier,22,22,5' 9",170 lbs,L,Quebec City,CAN,03/07/01,
cgy,calgary-flames,Martin Pospisil,76,24,6' 2",173 lbs,L,Zvolen,Slovakia,11/19/99,
cgy,calgary-flames,Kevin Rooney,21,30,6' 2",190 lbs,L,Canton,MA,05/21/93,
cgy,calgary-flames,Yegor Sharangovich,17,25,6' 2",196 lbs,L,Minsk,Belarus,06/06/98,
cgy,calgary-flames,Connor Zary,47,22,6' 0",178 lbs,L,Saskatoon,CAN,09/25/01,
cgy,calgary-flames,A.J. Greer,18,27,6' 3",209 lbs,L,Joliette,CAN,12/14/96,
cgy,calgary-flames,Dryden Hunt,15,28,6' 0",193 lbs,L,Cranbrook,CAN,11/24/95,
cgy,calgary-flames,Andrei Kuzmenko,96,28,5' 11",194 lbs,R,Yakutsk,Russia,02/04/96,
cgy,calgary-flames,Andrew Mangiapane,88,27,5' 10",184 lbs,L,Toronto,CAN,04/04/96,
cgy,calgary-flames,Matt Coronato,27,21,5' 10",183 lbs,,New York,NY,11/14/02,
cgy,calgary-flames,Walker Duehr,71,26,6' 2",210 lbs,,Sioux Falls,SD,11/23/97,
cgy,calgary-flames,Adam Klapka,43,23,6' 7",245 lbs,R,Prague,Czechia,09/14/00,
cgy,calgary-flames,Cole Schwindt,79,22,6' 2",183 lbs,R,Kitchener,CAN,04/25/01,
cgy,calgary-flames,Rasmus Andersson,4,27,6' 1",202 lbs,R,Malmo,Sweden,10/27/96,
cgy,calgary-flames,Dennis Gilbert,48,27,6' 2",216 lbs,L,Buffalo,NY,10/30/96,
cgy,calgary-flames,Noah Hanifin,55,27,6' 3",207 lbs,L,Boston,MA,01/25/97,
cgy,calgary-flames,Jordan Oesterle,82,31,6' 0",187 lbs,L,Dearborn Heights,MI,06/25/92,
cgy,calgary-flames,Brayden Pachal,94,24,6' 2",203 lbs,R,Estevan,CAN,08/23/99,
cgy,calgary-flames,Ilya Solovyov,98,23,6' 3",208 lbs,,Mogilev,Belarus,07/20/00,
cgy,calgary-flames,Chris Tanev,8,34,6' 2",193 lbs,R,Toronto,CAN,12/20/89,
cgy,calgary-flames,MacKenzie Weegar,52,30,6' 0",206 lbs,R,Ottawa,CAN,01/07/94,
cgy,calgary-flames,Jacob Markstrom,25,34,6' 6",206 lbs,L,Gavle,Sweden,01/31/90,
cgy,calgary-flames,Dan Vladar,80,26,6' 5",209 lbs,L,Prague,Czechia,08/20/97,
cgy,calgary-flames,Dustin Wolf,32,22,6' 0",156 lbs,L,Tustin,CA,04/16/01,
chi,chicago-blackhawks,Andreas Athanasiou,89,29,6' 2",188 lbs,L,London,CAN,08/06/94,
chi,chicago-blackhawks,Connor Bedard,98,18,5' 10",185 lbs,R,North Vancouver,CAN,07/17/05,
chi,chicago-blackhawks,Colin Blackwell,43,30,5' 9",190 lbs,R,Lawrence,MA,03/28/93,
chi,chicago-blackhawks,Colton Dach,28,21,6' 4",196 lbs,,Fort Saskatchewan,CAN,01/04/03,
chi,chicago-blackhawks,Jason Dickinson,16,28,6' 2",200 lbs,L,Georgetown,CAN,07/04/95,
chi,chicago-blackhawks,Ryan Donato,8,27,6' 0",192 lbs,L,Boston,MA,04/09/96,
chi,chicago-blackhawks,Reese Johnson,52,25,6' 1",192 lbs,R,Saskatoon,CAN,07/10/98,
chi,chicago-blackhawks,Tyler Johnson,90,33,5' 8",182 lbs,R,Spokane,WA,07/29/90,
chi,chicago-blackhawks,Philipp Kurashev,23,24,6' 0",190 lbs,L,Davos,Switzerland,10/12/99,
chi,chicago-blackhawks,Anthony Beauvillier,91,26,5' 11",180 lbs,L,Sorel,CAN,06/08/97,
chi,chicago-blackhawks,Nick Foligno,17,36,6' 0",208 lbs,L,Buffalo,NY,10/31/87,
chi,chicago-blackhawks,Taylor Hall,71,32,6' 1",205 lbs,L,Calgary,CAN,11/14/91,
chi,chicago-blackhawks,Boris Katchouk,14,25,6' 2",204 lbs,L,Waterloo,CAN,06/18/98,
chi,chicago-blackhawks,Zach Sanford,13,29,6' 4",207 lbs,L,Salem,MA,11/09/94,
chi,chicago-blackhawks,Samuel Savoie,67,19,5' 10",189 lbs,,Dalhousie,CAN,03/25/04,
chi,chicago-blackhawks,Brett Seney,62,27,5' 9",156 lbs,L,London,CAN,02/28/96,
chi,chicago-blackhawks,Joey Anderson,15,25,6' 0",207 lbs,R,Roseville,MN,06/19/98,
chi,chicago-blackhawks,MacKenzie Entwistle,58,24,6' 3",184 lbs,R,Mississauga,CAN,07/14/99,
chi,chicago-blackhawks,Taylor Raddysh,11,26,6' 3",198 lbs,R,Caledon,CAN,02/18/98,
chi,chicago-blackhawks,Louis Crevier,46,22,6' 8",228 lbs,,Quebec City,CAN,05/04/01,
chi,chicago-blackhawks,Seth Jones,4,29,6' 4",209 lbs,R,Arlington,TX,10/03/94,
chi,chicago-blackhawks,Kevin Korchinski,55,19,6' 2",185 lbs,L,Saskatoon,CAN,06/21/04,
chi,chicago-blackhawks,Jaycob Megna,24,31,6' 6",220 lbs,L,Northbrook,IL,12/10/92,
chi,chicago-blackhawks,Connor Murphy,5,30,6' 4",212 lbs,R,Dublin,OH,03/26/93,
chi,chicago-blackhawks,Isaak Phillips,41,22,6' 3",205 lbs,L,Barrie,CAN,09/28/01,
chi,chicago-blackhawks,Filip Roos,48,25,6' 4",190 lbs,L,Goteborg,Sweden,01/05/99,
chi,chicago-blackhawks,Jarred Tinordi,25,32,6' 6",230 lbs,L,Burnsville,MN,02/20/92,
chi,chicago-blackhawks,Alex Vlasic,72,22,6' 6",199 lbs,L,Wilmette,IL,06/05/01,
chi,chicago-blackhawks,Nikita Zaitsev,22,32,6' 2",188 lbs,R,Moscow,USSR,10/29/91,
chi,chicago-blackhawks,Petr Mrazek,34,32,6' 2",188 lbs,L,Ostrava,Czechoslovakia,02/14/92,
chi,chicago-blackhawks,Arvid Soderblom,40,24,6' 3",180 lbs,L,Goteborg,Sweden,08/19/99,
col,colorado-avalanche,Andrew Cogliano,11,36,5' 10",179 lbs,L,Toronto,CAN,06/14/87,
col,colorado-avalanche,Ross Colton,20,27,6' 0",194 lbs,L,Robbinsville,NJ,09/11/96,
col,colorado-avalanche,Ryan Johansen,12,31,6' 3",218 lbs,R,Vancouver,CAN,07/31/92,
col,colorado-avalanche,Nathan MacKinnon,29,28,6' 0",200 lbs,R,Halifax,CAN,09/01/95,
col,colorado-avalanche,Ben Meyers,59,25,5' 11",194 lbs,R,Delano,MN,11/15/98,
col,colorado-avalanche,Jonathan Drouin,27,28,5' 11",198 lbs,L,SaintAgathedesMonts,CAN,03/28/95,
col,colorado-avalanche,Joel Kiviranta,94,27,5' 11",185 lbs,L,Vantaa,Finland,03/23/96,
col,colorado-avalanche,Gabriel Landeskog,92,31,6' 1",215 lbs,L,Stockholm,Sweden,11/23/92,
col,colorado-avalanche,Artturi Lehkonen,62,28,5' 11",179 lbs,L,Piikkio,Finland,07/04/95,
col,colorado-avalanche,Zach Parise,9,39,5' 11",195 lbs,L,Minneapolis,MN,07/28/84,
col,colorado-avalanche,Miles Wood,28,28,6' 2",195 lbs,L,Buffalo,NY,09/13/95,
col,colorado-avalanche,Valeri Nichushkin,13,28,6' 4",210 lbs,L,Chelyabinsk,Russia,03/04/95,
col,colorado-avalanche,Logan O'Connor,25,27,6' 0",175 lbs,R,Missouri City,TX,08/14/96,
col,colorado-avalanche,Oskar Olausson,24,21,6' 1",180 lbs,L,Stockholm,Sweden,11/10/02,
col,colorado-avalanche,Jason Polin,41,24,6' 1",198 lbs,,Holt,MI,06/17/99,
col,colorado-avalanche,Mikko Rantanen,96,27,6' 4",215 lbs,L,Nousiainen,Finland,10/29/96,
col,colorado-avalanche,Chris Wagner,14,32,6' 0",192 lbs,R,Walpole,MA,05/27/91,
col,colorado-avalanche,Bowen Byram,4,22,6' 1",190 lbs,L,Cranbrook,CAN,06/13/01,
col,colorado-avalanche,Samuel Girard,49,25,5' 10",170 lbs,L,Roberval,CAN,05/12/98,
col,colorado-avalanche,Jack Johnson,3,37,6' 1",227 lbs,L,Indianapolis,IN,01/13/87,
col,colorado-avalanche,Caleb Jones,82,26,6' 1",194 lbs,L,Arlington,TX,06/06/97,
col,colorado-avalanche,Kurtis MacDermid,56,29,6' 5",233 lbs,L,Sauble Beach,CAN,03/25/94,
col,colorado-avalanche,Cale Makar,8,25,6' 0",187 lbs,R,Calgary,CAN,10/30/98,
col,colorado-avalanche,Sam Malinski,70,25,5' 11",189 lbs,,Lakeville,MN,07/27/98,
col,colorado-avalanche,Josh Manson,42,32,6' 3",218 lbs,R,Hinsdale,IL,10/07/91,
col,colorado-avalanche,Corey Schueneman,44,28,6' 0",196 lbs,L,Brighton,MI,09/02/95,
col,colorado-avalanche,Devon Toews,7,30,6' 1",191 lbs,L,Abbotsford,CAN,02/21/94,
col,colorado-avalanche,Justus Annunen,60,23,6' 4",210 lbs,L,Kempele,Finland,03/11/00,
col,colorado-avalanche,Pavel Francouz,39,33,6' 0",179 lbs,R,Plzen,Czechia,06/03/90,
col,colorado-avalanche,Alexandar Georgiev,40,28,6' 1",178 lbs,L,Ruse,BUL,02/10/96,
dal,dallas-stars,Ty Dellandrea,10,23,6' 2",190 lbs,R,Toronto,CAN,07/21/00,
dal,dallas-stars,Matt Duchene,95,33,6' 1",210 lbs,L,Halliburton,CAN,01/16/91,
dal,dallas-stars,Radek Faksa,12,30,6' 3",215 lbs,L,Vitkov,Czechia,01/09/94,
dal,dallas-stars,Roope Hintz,24,27,6' 3",212 lbs,L,Tampere,Finland,11/17/96,
dal,dallas-stars,Wyatt Johnston,53,20,6' 2",184 lbs,R,Leaside,CAN,05/14/03,
dal,dallas-stars,Joe Pavelski,16,39,6' 1",196 lbs,R,Plover,WI,07/11/84,
dal,dallas-stars,Tyler Seguin,91,32,6' 1",207 lbs,R,Brampton,CAN,01/31/92,
dal,dallas-stars,Craig Smith,15,34,6' 1",203 lbs,R,Madison,WI,09/05/89,
dal,dallas-stars,Logan Stankoven,11,21,5' 8",170 lbs,,Kamloops,CAN,02/26/03,
dal,dallas-stars,Sam Steel,18,26,6' 0",185 lbs,L,Edmonton,CAN,02/03/98,
dal,dallas-stars,Chase Wheatcroft,48,21,6' 2",175 lbs,L,Calgary,CAN,05/28/02,
dal,dallas-stars,Jamie Benn,14,34,6' 2",205 lbs,L,Victoria,CAN,07/18/89,
dal,dallas-stars,Mason Marchment,27,28,6' 5",216 lbs,L,Uxbridge,CAN,06/18/95,
dal,dallas-stars,Jason Robertson,21,24,6' 3",202 lbs,L,Northville,MI,07/22/99,
dal,dallas-stars,Evgenii Dadonov,63,34,6' 0",185 lbs,L,Chelyabinsk,Russia,03/12/89,
dal,dallas-stars,Jani Hakanpaa,2,31,6' 7",222 lbs,R,Kirkkonummi,Finland,03/31/92,
dal,dallas-stars,Joel Hanley,44,32,5' 11",186 lbs,R,Keswick,CAN,06/08/91,
dal,dallas-stars,Thomas Harley,55,22,6' 4",206 lbs,L,Syracuse,NY,08/19/01,
dal,dallas-stars,Miro Heiskanen,4,24,6' 2",197 lbs,L,Espoo,Finland,07/18/99,
dal,dallas-stars,Esa Lindell,23,29,6' 3",216 lbs,L,Vantaa,Finland,05/23/94,
dal,dallas-stars,Nils Lundkvist,5,23,6' 1",190 lbs,R,Pieta,Sweden,07/27/00,
dal,dallas-stars,Derrick Pouliot,33,30,6' 0",196 lbs,L,Estevan,CAN,01/16/94,
dal,dallas-stars,Jerad Rosburg,39,27,6' 1",200 lbs,L,Clarksville,MD,06/18/96,
dal,dallas-stars,Ryan Suter,20,39,6' 1",201 lbs,L,Madison,WI,01/21/85,
dal,dallas-stars,Jake Oettinger,29,25,6' 6",224 lbs,L,Lakeville,MN,12/18/98,
dal,dallas-stars,Scott Wedgewood,41,31,6' 2",201 lbs,L,Etobicoke,CAN,08/14/92,
det,detroit-red-wings,Andrew Copp,18,29,6' 1",203 lbs,L,Ann Arbor,MI,07/08/94,
det,detroit-red-wings,Austin Czarnik,21,31,5' 9",175 lbs,R,Washington,MI,12/12/92,
det,detroit-red-wings,Robby Fabbri,14,28,6' 1",185 lbs,L,Mississauga,CAN,01/22/96,
det,detroit-red-wings,Klim Kostin,24,24,6' 4",232 lbs,L,Penza,Russia,05/05/99,
det,detroit-red-wings,Dylan Larkin,71,27,6' 1",199 lbs,L,Waterford,MI,07/30/96,
det,detroit-red-wings,Michael Rasmussen,27,24,6' 6",220 lbs,L,Surrey,CAN,04/17/99,
det,detroit-red-wings,Joe Veleno,90,24,6' 1",201 lbs,L,Montreal,CAN,01/13/00,
det,detroit-red-wings,J.T. Compher,37,28,6' 0",195 lbs,R,Northbrook,IL,04/08/95,
det,detroit-red-wings,David Perron,57,35,6' 0",195 lbs,R,Sherbrooke,CAN,05/28/88,
det,detroit-red-wings,Lucas Raymond,23,21,5' 11",188 lbs,R,Goteborg,Sweden,03/28/02,
det,detroit-red-wings,Alex DeBrincat,93,26,5' 8",180 lbs,R,Farmington Hills,MI,12/18/97,
det,detroit-red-wings,Christian Fischer,36,26,6' 0",208 lbs,R,Chicago,IL,04/15/97,
det,detroit-red-wings,Patrick Kane,88,35,5' 10",177 lbs,L,Buffalo,NY,11/19/88,
det,detroit-red-wings,Daniel Sprong,17,26,6' 0",195 lbs,R,Amsterdam,Netherlands,03/17/97,
det,detroit-red-wings,Ben Chiarot,8,32,6' 3",224 lbs,L,Hamilton,CAN,05/09/91,
det,detroit-red-wings,Shayne Gostisbehere,41,30,5' 11",183 lbs,L,Pembroke Pines,FL,04/20/93,
det,detroit-red-wings,Justin Holl,3,32,6' 4",194 lbs,R,Shorewood,MN,01/30/92,
det,detroit-red-wings,Olli Maatta,2,29,6' 2",207 lbs,L,Jyvaskyla,Finland,08/22/94,
det,detroit-red-wings,Jeff Petry,46,36,6' 3",208 lbs,R,Ann Arbor,MI,12/09/87,
det,detroit-red-wings,Moritz Seider,53,22,6' 3",205 lbs,R,Zell,Germany,04/06/01,
det,detroit-red-wings,Jake Walman,96,28,6' 1",218 lbs,L,Toronto,CAN,02/20/96,
det,detroit-red-wings,Ville Husso,35,29,6' 3",205 lbs,L,Helsinki,Finland,02/06/95,
det,detroit-red-wings,Alex Lyon,34,31,6' 1",196 lbs,L,Baudette,MN,12/09/92,
det,detroit-red-wings,James Reimer,47,35,6' 2",200 lbs,L,Morweena,CAN,03/15/88,
edm,edmonton-oilers,Leon Draisaitl,29,28,6' 2",208 lbs,L,Cologne,Germany,10/27/95,
edm,edmonton-oilers,Sam Gagner,89,34,5' 11",201 lbs,R,London,CAN,08/10/89,
edm,edmonton-oilers,Mattias Janmark,13,31,6' 2",205 lbs,L,Danderyd,Sweden,12/08/92,
edm,edmonton-oilers,Raphael Lavoie,62,23,6' 4",196 lbs,R,Chambly,CAN,09/25/00,
edm,edmonton-oilers,Connor McDavid,97,27,6' 1",193 lbs,L,Richmond Hill,CAN,01/13/97,
edm,edmonton-oilers,Ryan McLeod,71,24,6' 3",188 lbs,L,Mississauga,CAN,09/21/99,
edm,edmonton-oilers,Ryan NugentHopkins,93,30,6' 1",192 lbs,L,Burnaby,CAN,04/12/93,
edm,edmonton-oilers,Derek Ryan,10,37,5' 10",185 lbs,R,Spokane,WA,12/29/86,
edm,edmonton-oilers,Adam Erne,21,28,6' 1",212 lbs,L,New Haven,CT,04/20/95,
edm,edmonton-oilers,Warren Foegele,37,27,6' 2",204 lbs,L,Markham,CAN,04/01/96,
edm,edmonton-oilers,James Hamblin,57,24,5' 9",176 lbs,L,Edmonton,CAN,04/27/99,
edm,edmonton-oilers,Dylan Holloway,55,22,6' 1",206 lbs,L,Calgary,CAN,09/23/01,
edm,edmonton-oilers,Zach Hyman,18,31,6' 1",206 lbs,R,Toronto,CAN,06/09/92,
edm,edmonton-oilers,Evander Kane,91,32,6' 2",218 lbs,L,Vancouver,CAN,08/02/91,
edm,edmonton-oilers,Connor Brown,28,30,6' 0",184 lbs,R,Toronto,CAN,01/14/94,
edm,edmonton-oilers,Corey Perry,90,38,6' 3",208 lbs,R,Peterborough,CAN,05/16/85,
edm,edmonton-oilers,Evan Bouchard,2,24,6' 3",192 lbs,R,Oakville,CAN,10/20/99,
edm,edmonton-oilers,Cody Ceci,5,30,6' 2",210 lbs,R,Ottawa,CAN,12/21/93,
edm,edmonton-oilers,Vincent Desharnais,73,27,6' 7",226 lbs,R,Laval,CAN,05/29/96,
edm,edmonton-oilers,Mattias Ekholm,14,33,6' 5",225 lbs,L,Borlange,Sweden,05/24/90,
edm,edmonton-oilers,Ben Gleason,6,25,6' 1",185 lbs,L,Ortonville,MI,03/25/98,
edm,edmonton-oilers,Brett Kulak,27,30,6' 2",192 lbs,L,Edmonton,CAN,01/06/94,
edm,edmonton-oilers,Darnell Nurse,25,29,6' 4",215 lbs,L,Hamilton,CAN,02/04/95,
edm,edmonton-oilers,Calvin Pickard,30,31,6' 1",206 lbs,L,Moncton,CAN,04/15/92,
edm,edmonton-oilers,Stuart Skinner,74,25,6' 4",230 lbs,L,Edmonton,CAN,11/01/98,
fla,florida-panthers,Aleksander Barkov,16,28,6' 3",215 lbs,L,Tampere,Finland,09/02/95,
fla,florida-panthers,Sam Bennett,9,27,6' 1",195 lbs,L,Holland Landing,CAN,06/20/96,
fla,florida-panthers,Nick Cousins,21,30,5' 11",186 lbs,L,Belleville,CAN,07/20/93,
fla,florida-panthers,Steven Lorentz,18,27,6' 4",216 lbs,L,Waterloo,CAN,04/13/96,
fla,florida-panthers,Anton Lundell,15,22,6' 1",190 lbs,L,Espoo,Finland,10/03/01,
fla,florida-panthers,Eetu Luostarinen,27,25,6' 3",190 lbs,L,Kuopio,Finland,09/02/98,
fla,florida-panthers,Sam Reinhart,13,28,6' 2",193 lbs,R,Vancouver,CAN,11/06/95,
fla,florida-panthers,Evan Rodrigues,17,30,5' 11",175 lbs,R,Toronto,CAN,07/28/93,
fla,florida-panthers,Kevin Stenlund,82,27,6' 5",215 lbs,R,Stockholm,Sweden,09/20/96,
fla,florida-panthers,Carter Verhaeghe,23,28,6' 2",180 lbs,L,Toronto,CAN,08/14/95,
fla,florida-panthers,Jonah Gadjovich,12,25,6' 2",209 lbs,L,Whitby,CAN,10/12/98,
fla,florida-panthers,Ryan Lomberg,94,29,5' 9",184 lbs,L,Richmond Hill,CAN,12/09/94,
fla,florida-panthers,Matthew Tkachuk,19,26,6' 2",206 lbs,L,Scottsdale,AZ,12/11/97,
fla,florida-panthers,William Lockwood,67,25,6' 0",178 lbs,R,Bloomfield Hills,MI,06/20/98,
fla,florida-panthers,Uvis Balinskis,26,27,6' 0",196 lbs,,Ventspils,Latvia,08/01/96,
fla,florida-panthers,Aaron Ekblad,5,28,6' 4",215 lbs,R,Belle River,CAN,02/07/96,
fla,florida-panthers,Oliver EkmanLarsson,91,32,6' 2",191 lbs,L,Karlskrona,Sweden,07/17/91,
fla,florida-panthers,Gustav Forsling,42,27,6' 0",195 lbs,L,Linkoping,Sweden,06/12/96,
fla,florida-panthers,Dmitry Kulikov,7,33,6' 1",201 lbs,L,Lipetsk,USSR,10/29/90,
fla,florida-panthers,Josh Mahura,28,25,6' 0",193 lbs,L,St. Albert,CAN,05/05/98,
fla,florida-panthers,Niko Mikkola,77,27,6' 5",206 lbs,L,Imatra,Finland,04/27/96,
fla,florida-panthers,Brandon Montour,62,29,6' 0",199 lbs,R,Brantford,CAN,04/11/94,
fla,florida-panthers,Sergei Bobrovsky,72,35,6' 2",188 lbs,L,Novokuznetsk,USSR,09/20/88,
fla,florida-panthers,Anthony Stolarz,41,30,6' 6",243 lbs,L,Edison,NJ,01/20/94,
la,los-angeles-kings,Jaret AndersonDolan,28,24,5' 11",200 lbs,L,Calgary,CAN,09/12/99,
la,los-angeles-kings,Phillip Danault,24,31,6' 1",200 lbs,L,Victoriaville,CAN,02/24/93,
la,los-angeles-kings,PierreLuc Dubois,80,25,6' 4",225 lbs,L,SaintAgathedesMonts,CAN,06/24/98,
la,los-angeles-kings,Anze Kopitar,11,36,6' 3",225 lbs,L,Jesenice,Yugoslavia,08/24/87,
la,los-angeles-kings,Trevor Lewis,61,37,6' 1",205 lbs,R,Salt Lake City,UT,01/08/87,
la,los-angeles-kings,Blake Lizotte,46,26,5' 9",175 lbs,L,Lindstrom,MN,12/13/97,
la,los-angeles-kings,Alex Turcotte,38,23,5' 11",185 lbs,L,Island Lake,IL,02/26/01,
la,los-angeles-kings,Viktor Arvidsson,33,30,5' 10",185 lbs,R,Skelleftea,Sweden,04/08/93,
la,los-angeles-kings,Samuel Fagemo,68,23,6' 0",205 lbs,R,Gothenburg,Sweden,03/14/00,
la,los-angeles-kings,Kevin Fiala,22,27,6' 0",205 lbs,L,St. Gallen,Switzerland,07/22/96,
la,los-angeles-kings,Trevor Moore,12,28,5' 10",195 lbs,L,Thousand Oaks,CA,03/31/95,
la,los-angeles-kings,Quinton Byfield,55,21,6' 5",225 lbs,L,Newmarket,CAN,08/19/02,
la,los-angeles-kings,Arthur Kaliyev,34,22,6' 2",210 lbs,L,Tashkent,Uzbekistan,06/26/01,
la,los-angeles-kings,Adrian Kempe,9,27,6' 2",201 lbs,L,Ornskoldsvik,Sweden,09/13/96,
la,los-angeles-kings,Alex Laferriere,78,22,6' 1",205 lbs,R,Chatham,NJ,10/28/01,
la,los-angeles-kings,Mikey Anderson,44,24,6' 0",195 lbs,L,Fridley,MN,05/25/99,
la,los-angeles-kings,Brandt Clarke,92,21,6' 2",200 lbs,R,Ottawa,CAN,02/09/03,
la,los-angeles-kings,Drew Doughty,8,34,6' 1",210 lbs,R,London,CAN,12/08/89,
la,los-angeles-kings,Andreas Englund,5,28,6' 4",200 lbs,L,Stockholm,Sweden,01/21/96,
la,los-angeles-kings,Vladislav Gavrikov,84,28,6' 3",221 lbs,L,Yaroslavl,Russia,11/21/95,
la,los-angeles-kings,Jacob Moverare,43,25,6' 2",198 lbs,L,Ostersund,Sweden,08/31/98,
la,los-angeles-kings,Matt Roy,3,28,6' 2",210 lbs,R,Detroit,MI,09/01/95,
la,los-angeles-kings,Pheonix Copley,29,32,6' 4",205 lbs,L,North Pole,AK,01/18/92,
la,los-angeles-kings,David Rittich,31,31,6' 4",205 lbs,L,Jihlava,Czechoslovakia,08/19/92,
la,los-angeles-kings,Cam Talbot,39,36,6' 4",200 lbs,L,Caledonia,CAN,07/05/87,
min,minnesota-wild,Connor Dewar,26,24,5' 10",183 lbs,L,The Pas,CAN,06/26/99,
min,minnesota-wild,Joel Eriksson Ek,14,27,6' 3",207 lbs,L,Karlstad,Sweden,01/29/97,
min,minnesota-wild,Frederick Gaudreau,89,30,6' 0",184 lbs,R,Granby,CAN,05/01/93,
min,minnesota-wild,Vinni Lettieri,10,29,5' 10",184 lbs,R,Excelsior,MN,02/06/95,
min,minnesota-wild,Jacob Lucchini,27,28,6' 0",174 lbs,L,Trail,CAN,05/09/95,
min,minnesota-wild,Nic Petan,19,28,5' 9",175 lbs,L,Delta,CAN,03/22/95,
min,minnesota-wild,Marco Rossi,23,22,5' 9",182 lbs,L,Feldkirch,Austria,09/23/01,
min,minnesota-wild,Mason Shaw,15,25,5' 9",182 lbs,L,Lloydminster,CAN,11/03/98,
min,minnesota-wild,Matt Boldy,12,22,6' 2",201 lbs,L,Millis,MA,04/05/01,
min,minnesota-wild,Marcus Foligno,17,32,6' 3",226 lbs,L,Buffalo,NY,08/10/91,
min,minnesota-wild,Marcus Johansson,90,33,6' 1",203 lbs,L,Landskrona,Sweden,10/06/90,
min,minnesota-wild,Kirill Kaprizov,97,26,5' 10",202 lbs,L,Novokuznetsk,Russia,04/26/97,
min,minnesota-wild,Brandon Duhaime,21,26,6' 2",200 lbs,L,Coral Springs,FL,05/22/97,
min,minnesota-wild,Ryan Hartman,38,29,6' 0",197 lbs,R,Hilton Head Island,SC,09/20/94,
min,minnesota-wild,Adam Raska,51,22,5' 10",178 lbs,R,FrydekMistek,Czechoslovakia,09/25/01,
min,minnesota-wild,Mats Zuccarello,36,36,5' 8",181 lbs,L,Oslo,Norway,09/01/87,
min,minnesota-wild,Zach Bogosian,24,33,6' 3",231 lbs,R,Massena,NY,07/15/90,
min,minnesota-wild,Jonas Brodin,25,30,6' 2",196 lbs,L,Karlstad,Sweden,07/12/93,
min,minnesota-wild,Declan Chisholm,47,24,6' 1",190 lbs,L,Bowmanville,CAN,01/12/00,
min,minnesota-wild,Brock Faber,7,21,6' 1",200 lbs,R,Maple Grove,MN,08/22/02,
min,minnesota-wild,Alex Goligoski,33,38,5' 11",173 lbs,L,Grand Rapids,MN,07/30/85,
min,minnesota-wild,Dakota Mermis,6,30,6' 0",195 lbs,L,Alton,IL,01/05/94,
min,minnesota-wild,Jon Merrill,4,32,6' 3",204 lbs,L,Oklahoma City,OK,02/03/92,
min,minnesota-wild,Jake Middleton,5,28,6' 3",219 lbs,L,Wainwright,CAN,01/02/96,
min,minnesota-wild,Jared Spurgeon,46,34,5' 9",166 lbs,R,Edmonton,CAN,11/29/89,
min,minnesota-wild,MarcAndre Fleury,29,39,6' 2",185 lbs,L,Sorel,CAN,11/28/84,
min,minnesota-wild,Filip Gustavsson,32,25,6' 2",184 lbs,L,Skelleftea,Sweden,06/07/98,
mtl,montreal-canadiens,Kirby Dach,77,23,6' 4",217 lbs,R,Fort Saskatchewan,CAN,01/21/01,
mtl,montreal-canadiens,Christian Dvorak,28,28,6' 1",192 lbs,L,Palos,IL,02/02/96,
mtl,montreal-canadiens,Jake Evans,71,27,6' 1",187 lbs,R,Toronto,CAN,06/02/96,
mtl,montreal-canadiens,Alex Newhook,15,23,5' 11",199 lbs,L,St. John's,CAN,01/28/01,
mtl,montreal-canadiens,Nick Suzuki,14,24,5' 11",212 lbs,R,London,CAN,08/10/99,
mtl,montreal-canadiens,Colin White,36,27,5' 11",191 lbs,R,Boston,MA,01/30/97,
mtl,montreal-canadiens,Filip Cederqvist,49,23,,,,,08/23/00,
mtl,montreal-canadiens,Rafael HarveyPinard,49,25,5' 9",184 lbs,L,Jonquiere,CAN,01/06/99,
mtl,montreal-canadiens,Emil Heineman,51,22,6' 1",185 lbs,L,Leksand,Sweden,11/16/01,
mtl,montreal-canadiens,Tanner Pearson,70,31,6' 1",207 lbs,L,Kitchener,CAN,08/10/92,
mtl,montreal-canadiens,Michael Pezzetta,55,25,6' 1",217 lbs,L,Toronto,CAN,03/13/98,
mtl,montreal-canadiens,Juraj Slafkovsky,20,19,6' 3",230 lbs,L,Kosice,Slovakia,03/30/04,
mtl,montreal-canadiens,Josh Anderson,17,29,6' 3",224 lbs,R,Burlington,CAN,05/07/94,
mtl,montreal-canadiens,Joel Armia,40,30,6' 3",216 lbs,R,Pori,Finland,05/31/93,
mtl,montreal-canadiens,Cole Caufield,22,23,5' 8",175 lbs,R,Stevens Point,WI,01/02/01,
mtl,montreal-canadiens,Brendan Gallagher,11,31,5' 9",184 lbs,R,Edmonton,CAN,05/06/92,
mtl,montreal-canadiens,Joshua Roy,89,20,6' 0",187 lbs,L,SaintGeorges,CAN,08/03/03,
mtl,montreal-canadiens,Jesse Ylonen,56,24,6' 1",200 lbs,R,Scottsdale,AZ,10/03/99,
mtl,montreal-canadiens,Justin Barron,52,22,6' 2",202 lbs,R,Halifax,CAN,11/15/01,
mtl,montreal-canadiens,Nicolas Beaudin,92,24,5' 11",168 lbs,L,Chateauguay,CAN,10/07/99,
mtl,montreal-canadiens,Kaiden Guhle,21,22,6' 3",201 lbs,L,Sherwood Park,CAN,01/18/02,
mtl,montreal-canadiens,Jordan Harris,54,23,5' 11",189 lbs,L,Haverhill,MA,07/07/00,
mtl,montreal-canadiens,Johnathan Kovacevic,26,26,6' 5",223 lbs,R,Niagara Falls,CAN,07/12/97,
mtl,montreal-canadiens,Mike Matheson,8,29,6' 2",196 lbs,L,PointeClaire,CAN,02/27/94,
mtl,montreal-canadiens,Mattias Norlinder,59,23,5' 11",179 lbs,L,Kramfors,Sweden,04/12/00,
mtl,montreal-canadiens,David Savard,58,33,6' 1",238 lbs,R,SaintHyacinthe,CAN,10/22/90,
mtl,montreal-canadiens,Jayden Struble,47,22,6' 1",205 lbs,,Cumberland,RI,08/09/01,
mtl,montreal-canadiens,Chris Wideman,6,34,5' 10",180 lbs,R,Saint Louis,MO,01/07/90,
mtl,montreal-canadiens,Arber Xhekaj,72,23,6' 4",240 lbs,L,Hamilton,CAN,01/30/01,
mtl,montreal-canadiens,Jake Allen,34,33,6' 2",197 lbs,L,Fredericton,CAN,08/07/90,
mtl,montreal-canadiens,Sam Montembeault,35,27,6' 3",222 lbs,L,Becancour,CAN,10/30/96,
mtl,montreal-canadiens,Carey Price,31,36,6' 3",217 lbs,L,Burns Lake,CAN,08/16/87,
mtl,montreal-canadiens,Cayden Primeau,30,24,6' 3",207 lbs,L,Voorhees,NJ,08/11/99,
njd,new-jersey-devils,Nico Hischier,13,25,6' 1",175 lbs,L,Naters,Switzerland,01/04/99,
njd,new-jersey-devils,Jack Hughes,86,22,5' 11",175 lbs,L,Orlando,FL,05/14/01,
njd,new-jersey-devils,Curtis Lazar,42,29,6' 0",203 lbs,R,Salmon Arm,CAN,02/02/95,
njd,new-jersey-devils,Michael McLeod,20,26,6' 2",190 lbs,R,Mississauga,CAN,02/03/98,
njd,new-jersey-devils,Dawson Mercer,91,22,6' 0",180 lbs,R,Carbonear,CAN,10/27/01,
njd,new-jersey-devils,Chris Tierney,11,29,6' 1",191 lbs,L,Keswick,CAN,07/01/94,
njd,new-jersey-devils,Jesper Bratt,63,25,5' 10",175 lbs,L,Stockholm,Sweden,07/30/98,
njd,new-jersey-devils,Erik Haula,56,32,5' 11",191 lbs,L,Pori,Finland,03/23/91,
njd,new-jersey-devils,Samuel Laberge,79,26,6' 2",206 lbs,L,Chateauguay,CAN,04/10/97,
njd,new-jersey-devils,Tomas Nosek,92,31,6' 3",205 lbs,L,Pardubice,Czechoslovakia,09/01/92,
njd,new-jersey-devils,Ondrej Palat,18,32,6' 0",194 lbs,L,FrydekMistek,Czechoslovakia,03/28/91,
njd,new-jersey-devils,Nathan Bastian,14,26,6' 4",205 lbs,R,Kitchener,CAN,12/06/97,
njd,new-jersey-devils,Graeme Clarke,95,22,5' 11",175 lbs,R,Ottawa,CAN,04/24/01,
njd,new-jersey-devils,Yushiroh Hirano,71,28,6' 1",216 lbs,,Tomakomai,Japan,08/18/95,
njd,new-jersey-devils,Alexander Holtz,10,22,6' 0",195 lbs,R,SaltsjoBoo,Sweden,01/23/02,
njd,new-jersey-devils,Timo Meier,28,27,6' 1",220 lbs,L,St. Gallen,Switzerland,10/08/96,
njd,new-jersey-devils,Tyler Toffoli,73,31,6' 0",203 lbs,R,Scarborough,CAN,04/24/92,
njd,new-jersey-devils,Kevin Bahl,88,23,6' 6",230 lbs,L,New Westminster,CAN,06/27/00,
njd,new-jersey-devils,Nick DeSimone,57,29,6' 2",185 lbs,R,East Amherst,NY,11/21/94,
njd,new-jersey-devils,Cal Foote,52,25,6' 5",224 lbs,R,Englewood,CO,12/13/98,
njd,new-jersey-devils,Dougie Hamilton,7,30,6' 6",230 lbs,R,Toronto,CAN,06/17/93,
njd,new-jersey-devils,Luke Hughes,43,20,6' 2",184 lbs,L,Canton,MI,09/09/03,
njd,new-jersey-devils,John Marino,6,26,6' 1",181 lbs,R,North Easton,MA,05/21/97,
njd,new-jersey-devils,Colin Miller,24,31,6' 1",200 lbs,R,Sault Ste. Marie,CAN,10/29/92,
njd,new-jersey-devils,Simon Nemec,17,20,6' 1",190 lbs,R,Liptovsky Mikulas,Czechoslovakia,02/15/04,
njd,new-jersey-devils,Jonas Siegenthaler,71,26,6' 2",218 lbs,L,Zurich,Switzerland,05/06/97,
njd,new-jersey-devils,Brendan Smith,2,35,6' 2",200 lbs,L,Mimico,CAN,02/08/89,
njd,new-jersey-devils,Nico Daws,50,23,6' 4",205 lbs,L,Munich,Germany,12/22/00,
njd,new-jersey-devils,Akira Schmid,40,23,6' 5",205 lbs,L,Bern,Switzerland,05/12/00,
nsh,nashville-predators,Liam Foudy,18,24,6' 2",188 lbs,L,Toronto,CAN,02/04/00,
nsh,nashville-predators,Carson Gicewicz,26,6' 3",213 lbs,,Orchard Park,NY,03/04/97,
nsh,nashville-predators,Cody Glass,8,24,6' 3",206 lbs,R,Winnipeg,CAN,04/01/99,
nsh,nashville-predators,Tommy Novak,82,26,6' 1",179 lbs,L,Saint Paul,MN,04/28/97,
nsh,nashville-predators,Gustav Nyquist,14,34,5' 11",180 lbs,L,Halmstad,Sweden,09/01/89,
nsh,nashville-predators,Ryan O'Reilly,90,33,6' 1",207 lbs,L,Clinton,CAN,02/07/91,
nsh,nashville-predators,Colton Sissons,10,30,6' 1",200 lbs,R,North Vancouver,CAN,11/05/93,
nsh,nashville-predators,Yakov Trenin,13,27,6' 2",201 lbs,L,Chelyabinsk,Russia,01/13/97,
nsh,nashville-predators,Filip Forsberg,9,29,6' 1",205 lbs,R,Ostervala,Sweden,08/13/94,
nsh,nashville-predators,Kiefer Sherwood,44,28,6' 0",194 lbs,R,Columbus,OH,03/31/95,
nsh,nashville-predators,Cole Smith,36,28,6' 3",195 lbs,L,Brainerd,MN,10/28/95,
nsh,nashville-predators,Luke Evangelista,77,22,6' 0",183 lbs,,Toronto,CAN,02/21/02,
nsh,nashville-predators,Denis Gurianov,15,26,6' 3",205 lbs,L,Tolyatti,Russia,06/07/97,
nsh,nashville-predators,Michael McCarron,47,28,6' 6",232 lbs,R,Grosse Pointe,MI,03/07/95,
nsh,nashville-predators,Tyson Barrie,22,32,5' 11",197 lbs,R,Victoria,CAN,07/26/91,
nsh,nashville-predators,Alexandre Carrier,45,27,5' 11",174 lbs,R,Quebec City,CAN,10/08/96,
nsh,nashville-predators,Dante Fabbro,57,25,6' 0",189 lbs,R,Coquitlam,CAN,06/20/98,
nsh,nashville-predators,Roman Josi,59,33,6' 1",201 lbs,L,Bern,Switzerland,06/01/90,
nsh,nashville-predators,Jeremy Lauzon,3,26,6' 3",225 lbs,L,ValD'Or,CAN,04/28/97,
nsh,nashville-predators,Ryan McDonagh,27,34,6' 1",215 lbs,L,Saint Paul,MN,06/13/89,
nsh,nashville-predators,Luke Schenn,2,34,6' 2",225 lbs,R,Saskatoon,CAN,11/02/89,
nsh,nashville-predators,Kevin Lankinen,32,28,6' 2",190 lbs,L,Helsinki,Finland,04/28/95,
nsh,nashville-predators,Juuse Saros,74,28,5' 11",180 lbs,L,Forssa,Finland,04/19/95,
nyi,new-york-islanders,Mathew Barzal,13,26,6' 1",190 lbs,R,Coquitlam,CAN,05/26/97,
nyi,new-york-islanders,Casey Cizikas,53,32,5' 11",194 lbs,L,Toronto,CAN,02/27/91,
nyi,new-york-islanders,Bo Horvat,14,28,6' 1",213 lbs,L,London,CAN,04/05/95,
nyi,new-york-islanders,Kyle MacLean,32,24,6' 1",190 lbs,L,Livingston,NJ,04/29/99,
nyi,new-york-islanders,Brock Nelson,29,32,6' 4",210 lbs,L,Warroad,MN,10/15/91,
nyi,new-york-islanders,JeanGabriel Pageau,44,31,5' 11",185 lbs,R,Ottawa,CAN,11/11/92,
nyi,new-york-islanders,Kyle Palmieri,21,33,5' 11",196 lbs,R,Smithtown,NY,02/01/91,
nyi,new-york-islanders,Pierre Engvall,18,27,6' 5",215 lbs,L,Ljungby,Sweden,05/31/96,
nyi,new-york-islanders,Anders Lee,27,33,6' 3",227 lbs,L,Edina,MN,07/03/90,
nyi,new-york-islanders,Matt Martin,17,34,6' 3",215 lbs,L,Windsor,CAN,05/08/89,
nyi,new-york-islanders,Cal Clutterbuck,15,36,5' 11",215 lbs,R,Welland,CAN,11/18/87,
nyi,new-york-islanders,Hudson Fasching,20,28,6' 3",209 lbs,R,Milwaukee,WI,07/28/95,
nyi,new-york-islanders,Julien Gauthier,16,26,6' 4",226 lbs,R,PointeAuxTrembles,CAN,10/15/97,
nyi,new-york-islanders,Simon Holmstrom,10,22,6' 2",215 lbs,L,Tranas,Sweden,05/24/01,
nyi,new-york-islanders,Oliver Wahlstrom,26,23,6' 2",200 lbs,R,Yarmouth,ME,06/13/00,
nyi,new-york-islanders,Sebastian Aho,25,28,5' 10",180 lbs,L,Umea,Sweden,02/17/96,
nyi,new-york-islanders,Samuel Bolduc,4,23,6' 4",220 lbs,L,Laval,CAN,12/09/00,
nyi,new-york-islanders,Robert Bortuzzo,41,34,6' 4",216 lbs,R,Thunder Bay,CAN,03/18/89,
nyi,new-york-islanders,Noah Dobson,8,24,6' 4",200 lbs,R,Summerside,CAN,01/07/00,
nyi,new-york-islanders,Scott Mayfield,24,31,6' 5",220 lbs,R,Saint Louis,MO,10/14/92,
nyi,new-york-islanders,Adam Pelech,3,29,6' 3",210 lbs,L,Toronto,CAN,08/16/94,
nyi,new-york-islanders,Ryan Pulock,6,29,6' 2",216 lbs,R,Dauphin,CAN,10/06/94,
nyi,new-york-islanders,Mike Reilly,2,30,6' 1",196 lbs,L,Chicago,IL,07/13/93,
nyi,new-york-islanders,Alexander Romanov,28,24,6' 1",215 lbs,L,Moscow,Russia,01/06/00,
nyi,new-york-islanders,Ilya Sorokin,30,28,6' 3",195 lbs,L,Mezhdurechensk,Russia,08/04/95,
nyi,new-york-islanders,Semyon Varlamov,40,35,6' 2",205 lbs,L,Kuybyshev,USSR,04/27/88,
nyr,new-york-rangers,Nick Bonino,12,35,6' 1",198 lbs,L,Hartford,CT,04/20/88,
nyr,new-york-rangers,Jonny Brodzinski,22,30,6' 0",204 lbs,L,Ham Lake,MN,06/19/93,
nyr,new-york-rangers,Filip Chytil,72,24,6' 2",208 lbs,L,Kromerlz,Czechia,09/05/99,
nyr,new-york-rangers,Adam Edstrom,84,23,6' 7",234 lbs,L,,10/12/00,
nyr,new-york-rangers,Barclay Goodrow,21,31,6' 2",209 lbs,L,Toronto,CAN,02/26/93,
nyr,new-york-rangers,Jake Leschyshyn,15,24,5' 10",189 lbs,L,Raleigh,NC,03/10/99,
nyr,new-york-rangers,Riley Nash,18,34,6' 2",185 lbs,R,Consort,CAN,05/09/89,
nyr,new-york-rangers,Matt Rempe,73,21,6' 7",241 lbs,,,06/29/02,
nyr,new-york-rangers,Vincent Trocheck,16,30,5' 11",187 lbs,R,Pittsburgh,PA,07/11/93,
nyr,new-york-rangers,Mika Zibanejad,93,30,6' 2",201 lbs,R,Huddinge,Sweden,04/18/93,
nyr,new-york-rangers,Will Cuylle,50,22,6' 3",210 lbs,,Toronto,CAN,02/05/02,
nyr,new-york-rangers,Chris Kreider,20,32,6' 3",233 lbs,L,Boxford,MA,04/30/91,
nyr,new-york-rangers,Alexis Lafreniere,13,22,6' 1",194 lbs,L,SaintEustache,CAN,10/11/01,
nyr,new-york-rangers,Artemi Panarin,10,32,6' 0",175 lbs,R,Korkino,USSR,10/30/91,
nyr,new-york-rangers,Jimmy Vesey,26,30,6' 2",202 lbs,L,Boston,MA,05/26/93,
nyr,new-york-rangers,Alex Belzile,60,32,6' 0",195 lbs,R,RiviereduLoup,CAN,08/31/91,
nyr,new-york-rangers,Kaapo Kakko,24,23,6' 2",205 lbs,L,Turku,Finland,02/13/01,
nyr,new-york-rangers,Blake Wheeler,17,37,6' 5",222 lbs,R,Plymouth,MN,08/31/86,
nyr,new-york-rangers,Adam Fox,23,26,5' 11",185 lbs,R,Jericho,NY,02/17/98,
nyr,new-york-rangers,Erik Gustafsson,56,31,6' 1",189 lbs,L,Nynashamn,Sweden,03/14/92,
nyr,new-york-rangers,Zac Jones,6,23,5' 10",176 lbs,L,Glen Allen,VA,10/18/00,
nyr,new-york-rangers,Ryan Lindgren,55,26,6' 0",193 lbs,L,Burnsville,MN,02/11/98,
nyr,new-york-rangers,K'Andre Miller,79,24,6' 5",210 lbs,L,Hopkins,MN,01/21/00,
nyr,new-york-rangers,Matthew Robertson,44,22,6' 4",201 lbs,L,Edmonton,CAN,03/09/01,
nyr,new-york-rangers,Braden Schneider,4,22,6' 3",211 lbs,R,Prince Albert,CAN,09/20/01,
nyr,new-york-rangers,Jacob Trouba,8,30,6' 3",209 lbs,R,Rochester,MI,02/26/94,
nyr,new-york-rangers,Jonathan Quick,32,38,6' 1",215 lbs,L,Hamden,CT,01/21/86,
nyr,new-york-rangers,Igor Shesterkin,31,28,6' 1",197 lbs,L,Moscow,Russia,12/30/95,
ott,ottawa-senators,Rourke Chartier,49,27,6' 0",201 lbs,L,Saskatoon,CAN,04/03/96,
ott,ottawa-senators,Ridly Greig,71,21,6' 0",184 lbs,L,Lethbridge,CAN,08/08/02,
ott,ottawa-senators,Matthew Highmore,15,28,5' 11",188 lbs,L,Halifax,CAN,02/27/96,
ott,ottawa-senators,Mark Kastelic,12,24,6' 4",226 lbs,R,Phoenix,AZ,03/11/99,
ott,ottawa-senators,Josh Norris,9,24,6' 2",195 lbs,L,Oxford,MI,05/05/99,
ott,ottawa-senators,Shane Pinto,57,23,6' 2",191 lbs,R,Franklin Square,NY,11/12/00,
ott,ottawa-senators,Tim Stutzle,18,22,6' 0",197 lbs,L,Viersen,Germany,01/15/02,
ott,ottawa-senators,Angus Crookshank,59,24,5' 10",181 lbs,,North Vancouver,CAN,10/02/99,
ott,ottawa-senators,Roby Jarventie,52,21,6' 2",184 lbs,L,Tampere,Finland,08/08/02,
ott,ottawa-senators,Parker Kelly,27,24,6' 1",185 lbs,L,Camrose,CAN,05/14/99,
ott,ottawa-senators,Dominik Kubalik,81,28,6' 2",192 lbs,L,Plzen,Czechia,08/21/95,
ott,ottawa-senators,Jiri Smejkal,13,27,6' 4",209 lbs,L,Ceske Budejovice,Czechoslovakia,11/05/96,
ott,ottawa-senators,Brady Tkachuk,7,24,6' 4",225 lbs,L,Scottsdale,AZ,09/16/99,
ott,ottawa-senators,Drake Batherson,19,25,6' 3",203 lbs,R,Fort Wayne,IN,04/27/98,
ott,ottawa-senators,Tarun Fizer,22,5' 11",168 lbs,,Chestermere,CAN,03/01/01,
ott,ottawa-senators,Claude Giroux,28,36,5' 11",188 lbs,R,Hearst,CAN,01/12/88,
ott,ottawa-senators,Mathieu Joseph,21,27,6' 1",186 lbs,R,Laval,CAN,02/09/97,
ott,ottawa-senators,Vladimir Tarasenko,91,32,6' 1",219 lbs,L,Yaroslavl,Russia,12/13/91,
ott,ottawa-senators,Jacob BernardDocker,24,23,6' 0",190 lbs,R,Canmore,CAN,06/30/00,
ott,ottawa-senators,Erik Brannstrom,26,24,5' 10",185 lbs,L,Eksjo,Sweden,09/02/99,
ott,ottawa-senators,Thomas Chabot,72,27,6' 2",203 lbs,L,SainteMarie,CAN,01/30/97,
ott,ottawa-senators,Jakob Chychrun,6,25,6' 2",205 lbs,L,Boca Raton,FL,03/31/98,
ott,ottawa-senators,Travis Hamonic,23,33,6' 1",200 lbs,R,St. Malo,CAN,08/16/90,
ott,ottawa-senators,Tyler Kleven,43,21,6' 4",213 lbs,,Fargo,ND,05/10/02,
ott,ottawa-senators,Jacob Larsson,32,26,6' 2",193 lbs,L,Ljungby,Sweden,04/29/97,
ott,ottawa-senators,Jake Sanderson,85,21,6' 2",203 lbs,L,Whitefish,MT,07/08/02,
ott,ottawa-senators,Artem Zub,2,28,6' 3",204 lbs,R,Khabarovsk,USSR,10/03/95,
ott,ottawa-senators,Anton Forsberg,31,31,6' 3",195 lbs,L,Harnosand,Sweden,11/27/92,
ott,ottawa-senators,Joonas Korpisalo,70,29,6' 3",189 lbs,L,Pori,Finland,04/28/94,
ott,ottawa-senators,Mads Sogaard,40,23,6' 7",196 lbs,L,Aalborg,Denmark,12/13/00,
phi,philadelphia-flyers,Sean Couturier,14,31,6' 4",210 lbs,L,Phoenix,AZ,12/07/92,
phi,philadelphia-flyers,Morgan Frost,48,24,6' 0",193 lbs,L,Aurora,CAN,05/14/99,
phi,philadelphia-flyers,Scott Laughton,21,29,6' 1",191 lbs,L,Oakville,CAN,05/30/94,
phi,philadelphia-flyers,Ryan Poehling,25,25,6' 2",204 lbs,L,Lakeville,MN,01/03/99,
phi,philadelphia-flyers,Noah Cates,27,25,6' 2",194 lbs,L,Stillwater,MN,02/05/99,
phi,philadelphia-flyers,Nicolas Deslauriers,44,33,6' 1",218 lbs,L,La Salle,CAN,02/22/91,
phi,philadelphia-flyers,Joel Farabee,86,24,6' 0",186 lbs,L,Syracuse,NY,02/25/00,
phi,philadelphia-flyers,Cam Atkinson,89,34,5' 8",175 lbs,R,Riverside,CT,06/05/89,
phi,philadelphia-flyers,Bobby Brink,10,22,5' 8",169 lbs,R,Minnetonka,MN,07/08/01,
phi,philadelphia-flyers,Tyson Foerster,71,22,6' 2",215 lbs,R,Alliston,CAN,01/18/02,
phi,philadelphia-flyers,Garnet Hathaway,19,32,6' 2",212 lbs,R,Naples,FL,11/23/91,
phi,philadelphia-flyers,Travis Konecny,11,26,5' 10",192 lbs,R,London,CAN,03/11/97,
phi,philadelphia-flyers,Olle Lycksell,62,24,5' 10",163 lbs,,Oskarshamn,Sweden,08/24/99,
phi,philadelphia-flyers,Owen Tippett,74,25,6' 1",210 lbs,R,Peterborough,CAN,02/16/99,
phi,philadelphia-flyers,Emil Andrae,36,22,5' 8",181 lbs,,Vasteras,Sweden,02/23/02,
phi,philadelphia-flyers,Jamie Drysdale,9,21,5' 11",185 lbs,R,Toronto,CAN,04/08/02,
phi,philadelphia-flyers,Ryan Ellis,94,33,5' 10",180 lbs,R,Hamilton,CAN,01/03/91,
phi,philadelphia-flyers,Victor Mete,98,25,5' 9",187 lbs,L,Woodbridge,CAN,06/07/98,
phi,philadelphia-flyers,Rasmus Ristolainen,55,29,6' 4",208 lbs,R,Turku,Finland,10/27/94,
phi,philadelphia-flyers,Travis Sanheim,6,27,6' 4",222 lbs,L,Elkhorn,CAN,03/29/96,
phi,philadelphia-flyers,Nick Seeler,24,30,6' 3",197 lbs,L,Eden Prairie,MN,06/03/93,
phi,philadelphia-flyers,Marc Staal,18,37,6' 4",208 lbs,L,Thunder Bay,CAN,01/13/87,
phi,philadelphia-flyers,Sean Walker,26,29,5' 11",191 lbs,R,Keswick,CAN,11/13/94,
phi,philadelphia-flyers,Cam York,8,23,6' 0",194 lbs,L,Anaheim,CA,01/05/01,
phi,philadelphia-flyers,Egor Zamula,5,23,6' 3",200 lbs,L,Chelyabinsk,Russia,03/30/00,
phi,philadelphia-flyers,Samuel Ersson,33,24,6' 3",194 lbs,,Falun,Sweden,10/20/99,
phi,philadelphia-flyers,Carter Hart,79,25,6' 2",196 lbs,L,Sherwood Park,CAN,08/13/98,
phi,philadelphia-flyers,Cal Petersen,40,29,6' 2",185 lbs,R,Waterloo,IA,10/19/94,
pit,pittsburgh-penguins,Noel Acciari,55,32,5' 10",209 lbs,R,Johnston,RI,12/01/91,
pit,pittsburgh-penguins,Jeff Carter,77,39,6' 3",219 lbs,R,London,CAN,01/01/85,
pit,pittsburgh-penguins,Sidney Crosby,87,36,5' 11",200 lbs,L,Cole Harbour,CAN,08/07/87,
pit,pittsburgh-penguins,Lars Eller,20,34,6' 2",207 lbs,L,Rodovre,Denmark,05/08/89,
pit,pittsburgh-penguins,Jansen Harkins,43,26,6' 1",197 lbs,L,Cleveland,OH,05/23/97,
pit,pittsburgh-penguins,Evgeni Malkin,71,37,6' 3",195 lbs,L,Magnitogorsk,USSR,07/31/86,
pit,pittsburgh-penguins,Matthew Phillips,16,25,5' 8",160 lbs,R,Calgary,CAN,04/06/98,
pit,pittsburgh-penguins,Karel Plasek,23,5' 11",154 lbs,,Prerov,Czechoslovakia,07/28/00,
pit,pittsburgh-penguins,Jake Guentzel,59,29,5' 11",180 lbs,L,Omaha,NE,10/06/94,
pit,pittsburgh-penguins,Joona Koppanen,15,26,6' 5",192 lbs,L,Tampere,Finland,02/25/98,
pit,pittsburgh-penguins,Matt Nieto,83,31,5' 11",185 lbs,L,Long Beach,CA,11/05/92,
pit,pittsburgh-penguins,Drew O'Connor,10,25,6' 3",190 lbs,L,Chatham,NJ,06/09/98,
pit,pittsburgh-penguins,Radim Zohorna,63,27,6' 6",220 lbs,L,Havlickuv Brod,Czechia,04/29/96,
pit,pittsburgh-penguins,Emil Bemstrom,24,6' 0",195 lbs,R,Nykoping,Sweden,06/01/99,
pit,pittsburgh-penguins,Marc Johnstone,9,27,6' 0",181 lbs,,Cranford,NJ,06/19/96,
pit,pittsburgh-penguins,Jesse Puljujarvi,18,25,6' 4",201 lbs,R,Alvkarleby,Sweden,05/07/98,
pit,pittsburgh-penguins,Valtteri Puustinen,48,24,5' 9",183 lbs,R,Kuopio,Finland,06/04/99,
pit,pittsburgh-penguins,Rickard Rakell,67,30,6' 1",195 lbs,R,Sundbyberg,Sweden,05/05/93,
pit,pittsburgh-penguins,Bryan Rust,17,31,5' 11",192 lbs,R,Pontiac,MI,05/11/92,
pit,pittsburgh-penguins,Reilly Smith,19,32,6' 1",185 lbs,L,Toronto,CAN,04/01/91,
pit,pittsburgh-penguins,Ryan Graves,27,28,6' 5",220 lbs,L,Yarmouth,CAN,05/21/95,
pit,pittsburgh-penguins,PierreOlivier Joseph,73,24,6' 2",185 lbs,L,Chambly,CAN,07/01/99,
pit,pittsburgh-penguins,Erik Karlsson,65,33,6' 0",190 lbs,R,Landsbro,Sweden,05/31/90,
pit,pittsburgh-penguins,Kris Letang,58,36,6' 0",201 lbs,R,Montreal,CAN,04/24/87,
pit,pittsburgh-penguins,John Ludvig,7,23,6' 1",213 lbs,L,Kamloops,CAN,08/02/00,
pit,pittsburgh-penguins,Marcus Pettersson,28,27,6' 3",177 lbs,L,Skelleftea,Sweden,05/08/96,
pit,pittsburgh-penguins,Jack Rathbone,24,5' 11",190 lbs,R,West Roxbury,MA,05/20/99,
pit,pittsburgh-penguins,Chad Ruhwedel,2,33,5' 11",191 lbs,R,San Diego,CA,05/07/90,
pit,pittsburgh-penguins,Dmitri Samorukov,53,24,6' 2",180 lbs,L,Volgograd,Russia,06/16/99,
pit,pittsburgh-penguins,Ryan Shea,5,27,6' 2",200 lbs,L,Milton,MA,02/11/97,
pit,pittsburgh-penguins,Tristan Jarry,35,28,6' 2",194 lbs,L,Surrey,CAN,04/29/95,
pit,pittsburgh-penguins,Alex Nedeljkovic,39,28,6' 0",208 lbs,L,Parma,OH,01/07/96,
sea,seattle-kraken,Matty Beniers,10,21,6' 2",178 lbs,L,Hingham,MA,11/05/02,
sea,seattle-kraken,Yanni Gourde,37,32,5' 9",174 lbs,L,StNarcisse,CAN,12/15/91,
sea,seattle-kraken,Andrew Poturalski,12,30,5' 10",190 lbs,R,Williamsville,NY,01/14/94,
sea,seattle-kraken,Jaden Schwartz,17,31,5' 10",185 lbs,L,Wilcox,CAN,06/25/92,
sea,seattle-kraken,Devin Shore,94,29,6' 1",206 lbs,L,Ajax,CAN,07/19/94,
sea,seattle-kraken,Alex Wennberg,21,29,6' 2",190 lbs,L,Stockholm,Sweden,09/22/94,
sea,seattle-kraken,Shane Wright,51,20,6' 0",199 lbs,R,Burlington,CAN,01/05/04,
sea,seattle-kraken,PierreEdouard Bellemare,41,38,5' 11",198 lbs,L,Le Blanc Mesnil,France,03/06/85,
sea,seattle-kraken,Andre Burakovsky,95,29,6' 3",209 lbs,L,Klagenfurt,Austria,02/09/95,
sea,seattle-kraken,Tye Kartye,52,22,5' 11",202 lbs,R,Kingston,CAN,04/30/01,
sea,seattle-kraken,Jared McCann,19,27,6' 1",191 lbs,L,Stratford,CAN,05/31/96,
sea,seattle-kraken,Max McCormick,71,31,5' 11",188 lbs,L,De Pere,WI,05/01/92,
sea,seattle-kraken,Brandon Tanev,13,32,6' 0",189 lbs,L,Toronto,CAN,12/31/91,
sea,seattle-kraken,Tomas Tatar,90,33,5' 10",173 lbs,L,Ilava,Czechoslovakia,12/01/90,
sea,seattle-kraken,Oliver Bjorkstrand,22,28,6' 0",175 lbs,R,Herning,Denmark,04/10/95,
sea,seattle-kraken,Jordan Eberle,7,33,5' 11",190 lbs,R,Regina,CAN,05/15/90,
sea,seattle-kraken,Kole Lind,73,25,6' 1",178 lbs,R,Shaunavon,CAN,10/16/98,
sea,seattle-kraken,Marian Studenic,43,25,6' 1",190 lbs,L,Skalca,Slovakia,10/28/98,
sea,seattle-kraken,Eeli Tolvanen,20,24,5' 10",191 lbs,L,Vihti,Finland,04/22/99,
sea,seattle-kraken,Kailer Yamamoto,56,25,5' 8",153 lbs,R,Spokane,WA,09/29/98,
sea,seattle-kraken,Will Borgen,3,27,6' 3",204 lbs,R,Moorhead,MN,12/19/96,
sea,seattle-kraken,Brian Dumoulin,8,32,6' 4",207 lbs,L,Biddeford,ME,09/06/91,
sea,seattle-kraken,Vince Dunn,29,27,6' 0",200 lbs,L,Mississauga,CAN,10/29/96,
sea,seattle-kraken,Ryker Evans,39,22,5' 11",189 lbs,,Calgary,CAN,12/13/01,
sea,seattle-kraken,Adam Larsson,6,31,6' 3",209 lbs,R,Skelleftea,Sweden,11/12/92,
sea,seattle-kraken,Jamie Oleksiak,24,31,6' 7",257 lbs,L,Toronto,CAN,12/21/92,
sea,seattle-kraken,Justin Schultz,4,33,6' 2",190 lbs,R,Kelowna,CAN,07/06/90,
sea,seattle-kraken,Joey Daccord,35,27,6' 2",201 lbs,L,Boston,MA,08/19/96,
sea,seattle-kraken,Philipp Grubauer,31,32,6' 1",188 lbs,L,Rosenheim,Germany,11/25/91,
sj,san-jose-sharks,Thomas Bordeleau,17,22,5' 10",179 lbs,L,Terrebonne,CAN,01/03/02,
sj,san-jose-sharks,Ryan Carpenter,22,33,6' 1",198 lbs,R,Oviedo,FL,01/18/91,
sj,san-jose-sharks,Logan Couture,39,34,6' 1",206 lbs,L,Guelph,CAN,03/28/89,
sj,san-jose-sharks,Mikael Granlund,64,32,5' 10",185 lbs,L,Oulu,Finland,02/26/92,
sj,san-jose-sharks,Tomas Hertl,48,30,6' 3",215 lbs,L,Prague,Czechia,11/12/93,
sj,san-jose-sharks,Mike Hoffman,68,34,6' 0",190 lbs,L,Kitchener,CAN,11/24/89,
sj,san-jose-sharks,Luke Kunin,11,26,6' 0",197 lbs,R,Chesterfield,MO,12/04/97,
sj,san-jose-sharks,Jacob Peterson,24,24,6' 1",180 lbs,L,Linkoping,Sweden,07/19/99,
sj,san-jose-sharks,Nico Sturm,7,28,6' 3",209 lbs,L,Augsburg,Germany,05/03/95,
sj,san-jose-sharks,Alexander Barabanov,94,26,5' 10",195 lbs,L,Saint Petersburg,Russia,06/17/97,
sj,san-jose-sharks,Anthony Duclair,10,28,5' 11",197 lbs,L,PointeClaire,CAN,08/26/95,
sj,san-jose-sharks,William Eklund,72,21,5' 11",181 lbs,L,Stockholm,Sweden,10/12/02,
sj,san-jose-sharks,Danil Gushchin,75,22,5' 8",165 lbs,L,Yekaterinburg,USSR,02/06/02,
sj,san-jose-sharks,Fabian Zetterlund,20,24,5' 11",220 lbs,R,Karlstad,Sweden,08/25/99,
sj,san-jose-sharks,Justin Bailey,90,28,6' 4",214 lbs,R,Buffalo,NY,07/01/95,
sj,san-jose-sharks,Kevin Labanc,62,28,5' 11",185 lbs,R,Brooklyn,NY,12/12/95,
sj,san-jose-sharks,Givani Smith,54,25,6' 2",214 lbs,L,Thornhill,CAN,02/27/98,
sj,san-jose-sharks,Filip Zadina,18,24,6' 0",190 lbs,L,Pardubice,Czechia,11/27/99,
sj,san-jose-sharks,Calen Addison,33,23,5' 11",173 lbs,R,Brandon,CAN,04/11/00,
sj,san-jose-sharks,Matt Benning,5,29,6' 1",203 lbs,R,Edmonton,CAN,05/25/94,
sj,san-jose-sharks,Kyle Burroughs,4,28,6' 0",193 lbs,R,Vancouver,CAN,07/12/95,
sj,san-jose-sharks,Ty Emberson,6,23,6' 2",193 lbs,R,Eau Claire,WI,05/23/00,
sj,san-jose-sharks,Mario Ferraro,38,25,6' 0",209 lbs,L,Toronto,CAN,09/17/98,
sj,san-jose-sharks,Nikolai Knyzhov,71,25,6' 1",195 lbs,L,Novosibirsk,Russia,03/20/98,
sj,san-jose-sharks,Nikita Okhotiuk,83,23,6' 1",195 lbs,L,Chelyabinsk,Russia,12/04/00,
sj,san-jose-sharks,Valtteri Pulli,77,22,6' 5",210 lbs,,Turku,Finland,03/13/01,
sj,san-jose-sharks,Jan Rutta,84,33,6' 3",204 lbs,R,Pisek,Czechoslovakia,07/29/90,
sj,san-jose-sharks,Henry Thrun,3,22,6' 2",190 lbs,L,Southborough,MA,03/12/01,
sj,san-jose-sharks,MarcEdouard Vlasic,44,36,6' 1",205 lbs,L,Montreal,CAN,03/30/87,
sj,san-jose-sharks,Mackenzie Blackwood,29,27,6' 4",225 lbs,L,Thunder Bay,CAN,12/09/96,
sj,san-jose-sharks,Magnus Chrona,30,23,6' 5",215 lbs,L,Stockholm,Sweden,08/28/00,
sj,san-jose-sharks,Kaapo Kahkonen,36,27,6' 2",217 lbs,L,Helsinki,Finland,08/16/96,
sj,san-jose-sharks,Georgi Romanov,31,24,6' 5",207 lbs,L,Yekaterinburg,USSR,12/15/99,
sj,san-jose-sharks,Beck Warm,40,24,6' 0",173 lbs,,,04/22/99,
stl,st.-louis-blues,Nikita Alexandrov,59,23,6' 1",177 lbs,L,Hanover,Germany,09/16/00,
stl,st.-louis-blues,Zack Bolduc,76,21,6' 1",175 lbs,,TroisRivieres,CAN,02/24/03,
stl,st.-louis-blues,Adam Gaudette,88,27,6' 1",170 lbs,R,Braintree,MA,10/03/96,
stl,st.-louis-blues,Jordan Kyrou,25,25,6' 1",196 lbs,R,Toronto,CAN,05/05/98,
stl,st.-louis-blues,Brayden Schenn,10,32,6' 1",199 lbs,L,Saskatoon,CAN,08/22/91,
stl,st.-louis-blues,Oskar Sundqvist,70,29,6' 3",220 lbs,R,Boden,Sweden,03/23/94,
stl,st.-louis-blues,Robert Thomas,18,24,6' 0",218 lbs,R,Aurora,CAN,07/02/99,
stl,st.-louis-blues,Sammy Blais,79,27,6' 2",205 lbs,L,Montmagny,CAN,06/17/96,
stl,st.-louis-blues,Pavel Buchnevich,89,28,6' 1",196 lbs,L,Cherepovets,Russia,04/17/95,
stl,st.-louis-blues,Hugh McGing,56,25,5' 8",167 lbs,,Chicago,IL,07/11/98,
stl,st.-louis-blues,Jake Neighbours,63,21,6' 0",201 lbs,L,Airdrie,CAN,03/29/02,
stl,st.-louis-blues,Brandon Saad,20,31,6' 1",215 lbs,L,Pittsburgh,PA,10/27/92,
stl,st.-louis-blues,Jakub Vrana,15,27,6' 0",190 lbs,L,Prague,Czechia,02/28/96,
stl,st.-louis-blues,Nathan Walker,26,29,5' 9",186 lbs,L,Cardiff,Wales,04/07/94,
stl,st.-louis-blues,Kevin Hayes,12,31,6' 5",216 lbs,L,Dorchester,MA,05/08/92,
stl,st.-louis-blues,Kasperi Kapanen,42,27,6' 1",194 lbs,R,Kuopio,Finland,07/23/96,
stl,st.-louis-blues,Alexey Toropchenko,13,24,6' 6",222 lbs,L,Moscow,Russia,06/25/99,
stl,st.-louis-blues,Justin Faulk,72,31,6' 0",214 lbs,R,South Saint Paul,MN,03/20/92,
stl,st.-louis-blues,Matthew Kessel,51,23,6' 2",205 lbs,R,Phoenix,AZ,06/23/00,
stl,st.-louis-blues,Torey Krug,47,32,5' 9",194 lbs,L,Livonia,MI,04/12/91,
stl,st.-louis-blues,Nick Leddy,4,32,6' 0",205 lbs,L,Eden Prairie,MN,03/20/91,
stl,st.-louis-blues,Colton Parayko,55,30,6' 6",228 lbs,R,St. Albert,CAN,05/12/93,
stl,st.-louis-blues,Scott Perunovich,48,25,5' 10",175 lbs,R,Hibbing,MN,08/18/98,
stl,st.-louis-blues,Marco Scandella,6,34,6' 3",212 lbs,L,Montreal,CAN,02/23/90,
stl,st.-louis-blues,Tyler Tucker,75,23,6' 1",204 lbs,L,Thunder Bay,CAN,03/01/00,
stl,st.-louis-blues,Jordan Binnington,50,30,6' 2",172 lbs,L,Richmond Hill,CAN,07/11/93,
stl,st.-louis-blues,Joel Hofer,30,23,6' 5",179 lbs,L,Winnipeg,CAN,07/30/00,
tb,tampa-bay-lightning,Anthony Cirelli,71,26,6' 1",190 lbs,L,Etobicoke,CAN,07/15/97,
tb,tampa-bay-lightning,Michael Eyssimont,23,27,6' 0",201 lbs,L,Littleton,CO,09/09/96,
tb,tampa-bay-lightning,Luke Glendening,11,34,5' 10",190 lbs,R,Grand Rapids,MI,04/28/89,
tb,tampa-bay-lightning,Waltteri Merela,39,25,6' 3",210 lbs,R,Ylojarvi,Finland,07/06/98,
tb,tampa-bay-lightning,Tyler Motte,64,28,5' 10",194 lbs,L,Saint Clair,MI,03/10/95,
tb,tampa-bay-lightning,Brayden Point,21,27,5' 10",178 lbs,R,Calgary,CAN,03/13/96,
tb,tampa-bay-lightning,Steven Stamkos,91,34,6' 1",193 lbs,R,Markham,CAN,02/07/90,
tb,tampa-bay-lightning,Brandon Hagel,38,25,6' 2",183 lbs,L,Saskatoon,CAN,08/27/98,
tb,tampa-bay-lightning,Tanner Jeannot,84,26,6' 2",220 lbs,L,Oxbow,CAN,05/29/97,
tb,tampa-bay-lightning,Nicholas Paul,20,28,6' 3",229 lbs,L,Mississauga,CAN,03/20/95,
tb,tampa-bay-lightning,Conor Sheary,73,31,5' 8",179 lbs,L,Winchester,MA,06/08/92,
tb,tampa-bay-lightning,Austin Watson,51,32,6' 4",238 lbs,R,Ann Arbor,MI,01/13/92,
tb,tampa-bay-lightning,Mitchell Chaffee,41,26,6' 0",205 lbs,R,Grand Rapids,MI,01/26/98,
tb,tampa-bay-lightning,Nikita Kucherov,86,30,5' 11",182 lbs,R,Maikop,Russia,06/17/93,
tb,tampa-bay-lightning,Erik Cernak,81,26,6' 3",230 lbs,R,Kosice,Slovakia,05/28/97,
tb,tampa-bay-lightning,Maxwell Crozier,65,23,6' 1",197 lbs,,Calgary,CAN,04/19/00,
tb,tampa-bay-lightning,Calvin de Haan,44,32,6' 1",192 lbs,L,Carp,CAN,05/09/91,
tb,tampa-bay-lightning,Haydn Fleury,7,27,6' 4",207 lbs,L,Carlyle,CAN,07/08/96,
tb,tampa-bay-lightning,Victor Hedman,77,33,6' 7",246 lbs,L,Ornskoldsvik,Sweden,12/18/90,
tb,tampa-bay-lightning,Emil Martinsen Lilleberg,78,23,6' 2",202 lbs,L,Sarpsborg,Norway,02/02/01,
tb,tampa-bay-lightning,Nick Perbix,48,25,6' 3",202 lbs,R,Minneapolis,MN,07/15/98,
tb,tampa-bay-lightning,Darren Raddysh,43,27,6' 1",195 lbs,R,Toronto,CAN,02/28/96,
tb,tampa-bay-lightning,Mikhail Sergachev,98,25,6' 3",211 lbs,L,Nizhnekamsk,Russia,06/25/98,
tb,tampa-bay-lightning,Jonas Johansson,31,28,6' 5",219 lbs,L,Gavle,Sweden,09/19/95,
tb,tampa-bay-lightning,Andrei Vasilevskiy,88,29,6' 4",220 lbs,L,Tyumen,Russia,07/25/94,
tor,toronto-maple-leafs,Max Domi,11,28,5' 10",208 lbs,L,Winnipeg,CAN,03/02/95,
tor,toronto-maple-leafs,Noah Gregor,18,25,6' 0",192 lbs,L,Beaumont,CAN,07/28/98,
tor,toronto-maple-leafs,Calle Jarnkrok,19,32,6' 0",190 lbs,R,Gavle,Sweden,09/25/91,
tor,toronto-maple-leafs,David Kampf,64,29,6' 2",190 lbs,L,Chomutov,Czechia,01/12/95,
tor,toronto-maple-leafs,Auston Matthews,34,26,6' 3",215 lbs,L,San Ramon,CA,09/17/97,
tor,toronto-maple-leafs,Bobby McMann,74,27,6' 2",210 lbs,L,Wainwright,CAN,06/15/96,
tor,toronto-maple-leafs,John Tavares,91,33,6' 1",211 lbs,L,Mississauga,CAN,09/20/90,
tor,toronto-maple-leafs,Tyler Bertuzzi,59,29,6' 2",200 lbs,L,Sudbury,CAN,02/24/95,
tor,toronto-maple-leafs,Matthew Knies,23,21,6' 3",217 lbs,L,Phoenix,AZ,10/17/02,
tor,toronto-maple-leafs,Nicholas Robertson,89,22,5' 9",178 lbs,L,Arcadia,CA,09/11/01,
tor,toronto-maple-leafs,Easton Cowan,53,18,5' 11",170 lbs,L,Mt. Brydges,CAN,05/20/05,
tor,toronto-maple-leafs,Pontus Holmberg,29,24,6' 0",188 lbs,L,Vasteras,Sweden,03/09/99,
tor,toronto-maple-leafs,Mitchell Marner,16,26,6' 0",180 lbs,R,Markham,CAN,05/05/97,
tor,toronto-maple-leafs,William Nylander,88,27,6' 0",202 lbs,R,Calgary,CAN,05/01/96,
tor,toronto-maple-leafs,Ryan Reaves,75,37,6' 2",226 lbs,R,Winnipeg,CAN,01/20/87,
tor,toronto-maple-leafs,Alex Steeves,46,24,5' 11",187 lbs,L,Eden Prairie,MN,12/10/99,
tor,toronto-maple-leafs,Simon Benoit,2,25,6' 4",205 lbs,L,Laval,CAN,09/19/98,
tor,toronto-maple-leafs,TJ Brodie,78,33,6' 2",187 lbs,L,Chatham,CAN,06/07/90,
tor,toronto-maple-leafs,Noah Chadwick,18,6' 4",187 lbs,,Saskatoon,CAN,05/10/05,
tor,toronto-maple-leafs,Mark Giordano,55,40,6' 0",202 lbs,L,Toronto,CAN,10/03/83,
tor,toronto-maple-leafs,John Klingberg,3,31,6' 2",185 lbs,R,Gothenburg,Sweden,08/14/92,
tor,toronto-maple-leafs,Mikko Kokkonen,84,23,6' 0",200 lbs,,,01/18/01,
tor,toronto-maple-leafs,William Lagesson,85,28,6' 2",211 lbs,L,Gothenburg,Sweden,02/22/96,
tor,toronto-maple-leafs,Maxime Lajoie,48,26,6' 1",196 lbs,L,Calgary,CAN,11/05/97,
tor,toronto-maple-leafs,Timothy Liljegren,37,24,6' 1",190 lbs,R,Kristianstad,Sweden,04/30/99,
tor,toronto-maple-leafs,Jake McCabe,22,30,6' 1",211 lbs,L,Eau Claire,WI,10/12/93,
tor,toronto-maple-leafs,Jake Muzzin,8,35,6' 3",227 lbs,L,Woodstock,CAN,02/21/89,
tor,toronto-maple-leafs,Morgan Rielly,44,29,6' 1",225 lbs,L,Vancouver,CAN,03/09/94,
tor,toronto-maple-leafs,Marshall Rifai,83,25,6' 2",200 lbs,L,Beaconsfield,CAN,03/16/98,
tor,toronto-maple-leafs,Conor Timmins,25,25,6' 2",206 lbs,R,Thorold,CAN,09/18/98,
tor,toronto-maple-leafs,Martin Jones,31,34,6' 5",203 lbs,R,North Vancouver,CAN,01/10/90,
tor,toronto-maple-leafs,Matt Murray,30,29,6' 4",178 lbs,L,Thunder Bay,CAN,05/25/94,
tor,toronto-maple-leafs,Ilya Samsonov,35,27,6' 3",217 lbs,L,Magnitogorsk,Russia,02/22/97,
van,vancouver-canucks,Nils Aman,88,24,6' 2",179 lbs,L,Avesta,Sweden,02/07/00,
van,vancouver-canucks,Teddy Blueger,53,29,6' 0",185 lbs,L,Riga,Latvia,08/15/94,
van,vancouver-canucks,Dakota Joshua,81,27,6' 3",206 lbs,L,Dearborn,MI,05/15/96,
van,vancouver-canucks,Sam Lafferty,18,28,6' 2",205 lbs,R,Hollidaysburg,PA,03/06/95,
van,vancouver-canucks,Elias Lindholm,23,29,6' 1",202 lbs,R,Boden,Sweden,12/02/94,
van,vancouver-canucks,J.T. Miller,9,30,6' 1",218 lbs,L,East Palestine,OH,03/14/93,
van,vancouver-canucks,Elias Pettersson,40,25,6' 2",176 lbs,L,Sundsvall,Sweden,11/12/98,
van,vancouver-canucks,Pius Suter,24,27,5' 11",179 lbs,L,Zurich,Switzerland,05/24/96,
van,vancouver-canucks,Arshdeep Bains,80,23,6' 0",183 lbs,,Surrey,CAN,01/09/01,
van,vancouver-canucks,Phillip Di Giuseppe,34,30,6' 0",193 lbs,L,Toronto,CAN,10/09/93,
van,vancouver-canucks,Nils Hoglander,21,23,5' 9",185 lbs,L,Lulea,Sweden,12/20/00,
van,vancouver-canucks,Brock Boeser,6,27,6' 1",208 lbs,R,Burnsville,MN,02/25/97,
van,vancouver-canucks,Conor Garland,8,27,5' 10",165 lbs,R,Scituate,MA,03/11/96,
van,vancouver-canucks,Ilya Mikheyev,65,29,6' 2",192 lbs,L,Omsk,Russia,10/10/94,
van,vancouver-canucks,Guillaume Brisebois,55,26,6' 2",175 lbs,L,Longueuil,CAN,07/21/97,
van,vancouver-canucks,Ian Cole,82,35,6' 1",225 lbs,L,Ann Arbor,MI,02/21/89,
van,vancouver-canucks,Mark Friedman,51,28,5' 11",185 lbs,R,Toronto,CAN,12/25/95,
van,vancouver-canucks,Filip Hronek,17,26,6' 0",190 lbs,R,Hradec Kralove,Czechia,11/02/97,
van,vancouver-canucks,Quinn Hughes,43,24,5' 10",180 lbs,L,Orlando,FL,10/14/99,
van,vancouver-canucks,Matt Irwin,52,36,6' 2",200 lbs,L,Victoria,CAN,11/29/87,
van,vancouver-canucks,Noah Juulsen,47,26,6' 2",201 lbs,R,Abbotsford,CAN,04/02/97,
van,vancouver-canucks,Tyler Myers,57,34,6' 8",229 lbs,R,Houston,TX,02/01/90,
van,vancouver-canucks,Tucker Poolman,5,30,6' 2",199 lbs,R,East Grand Forks,MN,06/08/93,
van,vancouver-canucks,Carson Soucy,7,29,6' 5",210 lbs,L,Viking,CAN,07/27/94,
van,vancouver-canucks,Nikita Zadorov,91,28,6' 6",248 lbs,L,Moscow,Russia,04/16/95,
van,vancouver-canucks,Casey DeSmith,29,32,6' 0",181 lbs,L,Rochester,NH,08/13/91,
van,vancouver-canucks,Thatcher Demko,35,28,6' 4",192 lbs,L,San Diego,CA,12/08/95,
vgk,vegas-golden-knights,Ivan Barbashev,49,28,6' 0",198 lbs,L,Moscow,Russia,12/14/95,
vgk,vegas-golden-knights,Brendan Brisson,19,22,5' 11",179 lbs,L,Manhattan Beach,CA,10/22/01,
vgk,vegas-golden-knights,Paul Cotter,43,24,6' 2",213 lbs,L,Canton,MI,11/16/99,
vgk,vegas-golden-knights,Jakub Demek,13,20,6' 4",210 lbs,,Kosice,Slovakia,06/06/03,
vgk,vegas-golden-knights,Jack Eichel,9,27,6' 2",203 lbs,R,North Chelmsford,MA,10/28/96,
vgk,vegas-golden-knights,Byron Froese,51,32,6' 1",202 lbs,R,Winkler,CAN,03/12/91,
vgk,vegas-golden-knights,Brett Howden,21,25,6' 2",200 lbs,L,Calgary,CAN,03/29/98,
vgk,vegas-golden-knights,William Karlsson,71,31,6' 0",190 lbs,L,Stockholm,Sweden,01/08/93,
vgk,vegas-golden-knights,Nicolas Roy,10,27,6' 4",202 lbs,R,Amos,CAN,02/05/97,
vgk,vegas-golden-knights,Chandler Stephenson,20,29,6' 0",209 lbs,L,Saskatoon,CAN,04/22/94,
vgk,vegas-golden-knights,William Carrier,28,29,6' 2",220 lbs,L,La Salle,CAN,12/20/94,
vgk,vegas-golden-knights,Pavel Dorofeyev,16,23,6' 1",194 lbs,L,Nizhny Tagil,Russia,10/26/00,
vgk,vegas-golden-knights,Mason Morelli,11,28,6' 1",198 lbs,,Minot,ND,02/01/96,
vgk,vegas-golden-knights,Michael Amadio,22,27,6' 1",200 lbs,R,Sault Ste. Marie,CAN,05/13/96,
vgk,vegas-golden-knights,Keegan Kolesar,55,26,6' 2",216 lbs,R,Brandon,CAN,04/08/97,
vgk,vegas-golden-knights,Jonathan Marchessault,81,33,5' 9",185 lbs,R,CapRouge,CAN,12/27/90,
vgk,vegas-golden-knights,Sheldon Rempal,56,28,5' 10",165 lbs,R,Calgary,CAN,08/07/95,
vgk,vegas-golden-knights,Mark Stone,61,31,6' 3",212 lbs,R,Winnipeg,CAN,05/13/92,
vgk,vegas-golden-knights,Lukas Cormier,40,21,5' 10",180 lbs,L,,03/27/02,
vgk,vegas-golden-knights,Nicolas Hague,14,25,6' 6",240 lbs,L,Kitchener,CAN,12/05/98,
vgk,vegas-golden-knights,Ben Hutton,17,30,6' 3",201 lbs,L,Brockville,CAN,04/20/93,
vgk,vegas-golden-knights,Kaedan Korczak,6,23,6' 3",201 lbs,R,Yorkton,CAN,01/29/01,
vgk,vegas-golden-knights,Alec Martinez,23,36,6' 1",210 lbs,L,Rochester Hills,MI,07/26/87,
vgk,vegas-golden-knights,Dysin Mayo,65,27,6' 2",183 lbs,R,Victoria,CAN,08/17/96,
vgk,vegas-golden-knights,Brayden McNabb,3,33,6' 4",215 lbs,L,Davidson,CAN,01/21/91,
vgk,vegas-golden-knights,Daniil Miromanov,62,26,6' 4",198 lbs,R,Moscow,Russia,07/11/97,
vgk,vegas-golden-knights,Alex Pietrangelo,7,34,6' 3",215 lbs,R,King City,CAN,01/18/90,
vgk,vegas-golden-knights,Shea Theodore,27,28,6' 2",197 lbs,L,Langley,CAN,08/03/95,
vgk,vegas-golden-knights,Zach Whitecloud,2,27,6' 2",218 lbs,R,Brandon,CAN,11/28/96,
vgk,vegas-golden-knights,Adin Hill,33,27,6' 4",215 lbs,L,Calgary,CAN,05/11/96,
vgk,vegas-golden-knights,Isaiah Saville,31,23,6' 1",193 lbs,R,Anchorage,AK,09/21/00,
vgk,vegas-golden-knights,Logan Thompson,36,27,6' 4",205 lbs,R,Calgary,CAN,02/25/97,
wpg,winnipeg-jets,Mason Appleton,22,28,6' 2",194 lbs,R,Green Bay,WI,01/15/96,
wpg,winnipeg-jets,Morgan Barron,36,25,6' 4",220 lbs,R,Halifax,CAN,12/02/98,
wpg,winnipeg-jets,David Gustafsson,19,23,6' 2",196 lbs,L,Tingsryd,Sweden,04/11/00,
wpg,winnipeg-jets,Rasmus Kupari,15,23,6' 2",201 lbs,R,Kotka,Finland,03/15/00,
wpg,winnipeg-jets,Adam Lowry,17,30,6' 5",210 lbs,L,Saint Louis,MO,03/29/93,
wpg,winnipeg-jets,Sean Monahan,23,29,6' 2",202 lbs,L,Brampton,CAN,10/12/94,
wpg,winnipeg-jets,Vladislav Namestnikov,7,31,6' 0",180 lbs,L,Zhukovskiy,Russia,11/22/92,
wpg,winnipeg-jets,Cole Perfetti,91,22,5' 11",184 lbs,L,Whitby,CAN,01/01/02,
wpg,winnipeg-jets,Mark Scheifele,55,30,6' 3",207 lbs,R,Kitchener,CAN,03/15/93,
wpg,winnipeg-jets,Dominic Toninato,21,29,6' 2",201 lbs,L,Duluth,MN,03/09/94,
wpg,winnipeg-jets,Gabriel Vilardi,13,24,6' 3",216 lbs,R,Kingston,CAN,08/16/99,
wpg,winnipeg-jets,Kyle Connor,81,27,6' 1",183 lbs,L,Clinton,MI,12/09/96,
wpg,winnipeg-jets,Nikolaj Ehlers,27,28,6' 0",172 lbs,L,Aalborg,Denmark,02/14/96,
wpg,winnipeg-jets,Alex Iafallo,9,30,6' 0",201 lbs,L,Eden,NY,12/21/93,
wpg,winnipeg-jets,Nino Niederreiter,62,31,6' 2",218 lbs,L,Chur,Switzerland,09/08/92,
wpg,winnipeg-jets,Dylan DeMelo,2,30,6' 1",194 lbs,R,London,CAN,05/01/93,
wpg,winnipeg-jets,Brenden Dillon,5,33,6' 4",225 lbs,L,New Westminster,CAN,11/13/90,
wpg,winnipeg-jets,Josh Morrissey,44,28,6' 0",195 lbs,L,Calgary,CAN,03/28/95,
wpg,winnipeg-jets,Neal Pionk,4,28,6' 0",190 lbs,R,Hermantown,MN,07/29/95,
wpg,winnipeg-jets,Dylan Samberg,54,25,6' 4",216 lbs,L,Saginaw,MI,01/24/99,
wpg,winnipeg-jets,Nate Schmidt,88,32,6' 0",192 lbs,L,Saint Cloud,MN,07/16/91,
wpg,winnipeg-jets,Logan Stanley,64,25,6' 7",231 lbs,L,Kitchener,CAN,05/26/98,
wpg,winnipeg-jets,Laurent Brossoit,39,30,6' 3",203 lbs,L,Port Alberni,CAN,03/23/93,
wpg,winnipeg-jets,Connor Hellebuyck,37,30,6' 4",207 lbs,L,Commerce Township,MI,05/19/93,
wsh,washington-capitals,Nicklas Backstrom,19,36,6' 1",202 lbs,L,Gavle,Sweden,11/23/87,
wsh,washington-capitals,Evgeny Kuznetsov,92,31,6' 2",207 lbs,L,Chelyabinsk,Russia,05/19/92,
wsh,washington-capitals,Hendrix Lapierre,29,22,6' 0",180 lbs,L,Gatineau,CAN,02/09/02,
wsh,washington-capitals,Connor McMichael,24,23,6' 0",180 lbs,L,Ajax,CAN,01/15/01,
wsh,washington-capitals,Aliaksei Protas,21,23,6' 6",225 lbs,L,Vitebsk,Belarus,01/06/01,
wsh,washington-capitals,Michael Sgarbossa,23,31,5' 11",175 lbs,L,Campbellville,CAN,07/25/92,
wsh,washington-capitals,Dylan Strome,17,26,6' 3",200 lbs,L,Mississauga,CAN,03/07/97,
wsh,washington-capitals,Beck Malenstyn,47,26,6' 3",200 lbs,L,Delta,CAN,02/04/98,
wsh,washington-capitals,Sonny Milano,15,27,6' 0",194 lbs,L,Massapequa,NY,05/12/96,
wsh,washington-capitals,Ivan Miroshnichenko,63,20,6' 1",185 lbs,R,Ussuriysk,Russia,02/04/04,
wsh,washington-capitals,Alex Ovechkin,8,38,6' 3",238 lbs,R,Moscow,USSR,09/17/85,
wsh,washington-capitals,Max Pacioretty,67,35,6' 2",217 lbs,L,New Canaan,CT,11/20/88,
wsh,washington-capitals,Nicolas AubeKubel,96,27,6' 0",207 lbs,R,Slave Lake,CAN,05/10/96,
wsh,washington-capitals,Nic Dowd,26,33,6' 1",193 lbs,R,Huntsville,AL,05/27/90,
wsh,washington-capitals,Pierrick Dube,72,23,5' 9",175 lbs,,Lyon,France,01/07/01,
wsh,washington-capitals,Anthony Mantha,39,29,6' 5",234 lbs,L,Longueuil,CAN,09/16/94,
wsh,washington-capitals,T.J. Oshie,77,37,6' 0",187 lbs,R,Everett,WA,12/23/86,
wsh,washington-capitals,Tom Wilson,43,29,6' 4",220 lbs,R,Toronto,CAN,03/29/94,
wsh,washington-capitals,Alexander Alexeyev,27,24,6' 4",213 lbs,L,Saint Petersburg,Russia,11/15/99,
wsh,washington-capitals,Ethan Bear,25,26,5' 11",197 lbs,R,Regina,CAN,06/26/97,
wsh,washington-capitals,John Carlson,74,34,6' 3",215 lbs,R,Natick,MA,01/10/90,
wsh,washington-capitals,Joel Edmundson,6,30,6' 5",221 lbs,L,Brandon,CAN,06/28/93,
wsh,washington-capitals,Martin Fehervary,42,24,6' 2",199 lbs,L,Bratislava,Slovakia,10/06/99,
wsh,washington-capitals,Hardy Haman Aktell,4,25,6' 3",198 lbs,,Kage,Sweden,07/04/98,
wsh,washington-capitals,Nick Jensen,3,33,6' 1",205 lbs,R,Rogers,MN,09/21/90,
wsh,washington-capitals,Rasmus Sandin,38,23,5' 11",182 lbs,L,Uppsala,Sweden,03/07/00,
wsh,washington-capitals,Trevor van Riemsdyk,57,32,6' 3",191 lbs,R,Middletown,NJ,07/24/91,
wsh,washington-capitals,Darcy Kuemper,35,33,6' 5",215 lbs,L,Saskatoon,CAN,05/05/90,
wsh,washington-capitals,Charlie Lindgren,79,30,6' 2",179 lbs,R,Lakeville,MN,12/18/93,
wsh,washington-capitals,Clay Stevenson,33,24,6' 4",195 lbs,,Drayton Valley,CAN,03/03/99,